id,brand,model,version,year,mileage,category,priceBrutto,normalizedMainImage,visualCategory,status,identityGroup,provisionalRepresentativeId,groupMemberIds,proof
1,Mercedes-Benz,Classe C,200 d Avantgarde,2022,38500,cars,34500.00,https://images.unsplash.com/photo-1618843479313-40f8afb4b4d8,compatible/inconclusive,AUCUN CANDIDAT AUTOMATIQUE,27,1,"1,30001",
2,Volkswagen,Golf 8,1.5 TSI Life,2024,15,cars,28900.00,https://images.unsplash.com/photo-1603584173870-7f23fdae1b7a,compatible/inconclusive,AUCUN CANDIDAT AUTOMATIQUE,,,,
3,Volkswagen,Transporter T6.1,EcoPro Panel Van,2021,64000,cars,29800.00,https://images.unsplash.com/photo-1541899481282-d53bffe3c35d,compatible/inconclusive,AUCUN CANDIDAT AUTOMATIQUE,30,3,"3,60043,60073,60103,60133",
4,Mercedes-Benz,Atego 1224,Box Truck + Tail Lift,2020,145000,cars,48000.00,https://images.unsplash.com/photo-1503376780353-7e6692767b70,compatible/inconclusive,AUCUN CANDIDAT AUTOMATIQUE,,,,
5,John Deere,5075E,Utility Tractor,2022,1200,cars,42500.00,https://images.unsplash.com/photo-1583121274602-3e2820c69888,compatible/inconclusive,AUCUN CANDIDAT AUTOMATIQUE,,,,
6,BMW,X5 xDrive30d,M Sport Package,2023,24000,cars,68900.00,https://images.unsplash.com/photo-1525609004556-c46c7d6cf023,compatible/inconclusive,AUCUN CANDIDAT AUTOMATIQUE,,,,
7,Porsche,911 Carrera S,992 Coupe,2021,18500,cars,124900.00,https://images.unsplash.com/photo-1563720223185-11003d516935,compatible/inconclusive,AUCUN CANDIDAT AUTOMATIQUE,,,,
8,Audi,Q4 e-tron,40 Advanced,2024,10,cars,46500.00,https://images.unsplash.com/photo-1542282088-72c9c27ed0cd,compatible/inconclusive,AUCUN CANDIDAT AUTOMATIQUE,,,,
30001,Mercedes-Benz,Classe C,C 200 d Avantgarde Estate,2022,38500,cars,34500.00,https://images.unsplash.com/photo-1618843479313-40f8afb4b4d8,compatible/inconclusive,REDONDANCE FORTE,27,1,"1,30001",same normalized image + same declared brand/model
30002,BMW,Série 3,320d xDrive M Sport,2023,21000,cars,41900.00,https://images.unsplash.com/photo-1603584173870-7f23fdae1b7a,compatible/inconclusive,AUCUN CANDIDAT AUTOMATIQUE,26,30002,"30002,60142,60152,60162,60172,60182,60192,60202,60212,60222,60232",
30003,Audi,A6 Avant,40 TDI S line Quattro,2022,45000,cars,39800.00,https://images.unsplash.com/photo-1541899481282-d53bffe3c35d,compatible/inconclusive,AUCUN CANDIDAT AUTOMATIQUE,,,,
30004,Volkswagen,Golf 8,1.5 TSI Life,2024,10,cars,28900.00,https://images.unsplash.com/photo-1503376780353-7e6692767b70,compatible/inconclusive,AUCUN CANDIDAT AUTOMATIQUE,,,,
30005,BMW,X5,xDrive30d M Sport,2023,24000,suvs,68900.00,https://images.unsplash.com/photo-1583121274602-3e2820c69888,unknown,CONFLIT CATEGORIE/PHOTO,,,,; declared heavy/van/agriculture category conflicts with road-car/SUV image
30006,Mercedes-Benz,GLE,350 de 4MATIC Coupé,2022,39000,suvs,72500.00,https://images.unsplash.com/photo-1525609004556-c46c7d6cf023,unknown,CONFLIT CATEGORIE/PHOTO,,,,; declared heavy/van/agriculture category conflicts with road-car/SUV image
30007,Audi,Q7,50 TDI Quattro S line,2021,52000,suvs,54900.00,https://images.unsplash.com/photo-1563720223185-11003d516935,unknown,CONFLIT CATEGORIE/PHOTO,,,,; declared heavy/van/agriculture category conflicts with road-car/SUV image
30008,Porsche,911 Carrera S,992 Coupe PDK,2021,18500,coupes,124900.00,https://images.unsplash.com/photo-1542282088-72c9c27ed0cd,compatible/inconclusive,AUCUN CANDIDAT AUTOMATIQUE,,,,
30009,BMW,M4 Competition,M xDrive Coupe,2023,12000,coupes,89900.00,https://images.unsplash.com/photo-1502877338535-766e1452684a,compatible/inconclusive,AUCUN CANDIDAT AUTOMATIQUE,,,,
30010,Volkswagen,Transporter T6.1,2.0 TDI Panel Van,2021,64000,vans,29800.00,https://images.unsplash.com/photo-1555215695-3004980ad54e,unknown,CONFLIT CATEGORIE/PHOTO,,,,; declared heavy/van/agriculture category conflicts with road-car/SUV image
30011,Mercedes-Benz,Sprinter 319,CDI L3H2 Panel Van,2022,51000,vans,38900.00,https://images.unsplash.com/photo-1618843479313-40f8afb4b4d8,unknown,CONFLIT CATEGORIE/PHOTO,,,,; declared heavy/van/agriculture category conflicts with road-car/SUV image
30012,Audi,Q4 e-tron,40 Advanced,2024,10,electric,46500.00,https://images.unsplash.com/photo-1603584173870-7f23fdae1b7a,compatible/inconclusive,AUCUN CANDIDAT AUTOMATIQUE,,,,
30013,Volkswagen,ID.4,Pro Performance,2023,19000,electric,33900.00,https://images.unsplash.com/photo-1541899481282-d53bffe3c35d,compatible/inconclusive,AUCUN CANDIDAT AUTOMATIQUE,,,,
30014,Mercedes-Benz,SL 500,R129 Roadster,1996,112000,classics,29500.00,https://images.unsplash.com/photo-1503376780353-7e6692767b70,compatible/inconclusive,AUCUN CANDIDAT AUTOMATIQUE,,,,
30015,Mercedes-Benz,Atego 1224,Box Truck + Tail Lift,2020,145000,trucks,48000.00,https://images.unsplash.com/photo-1583121274602-3e2820c69888,unknown,CONFLIT CATEGORIE/PHOTO,,,,; declared heavy/van/agriculture category conflicts with road-car/SUV image
30016,MAN,TGM 18.290,Curtainsider 4x2,2021,168000,trucks,52000.00,https://images.unsplash.com/photo-1525609004556-c46c7d6cf023,unknown,CONFLIT CATEGORIE/PHOTO,,,,; declared heavy/van/agriculture category conflicts with road-car/SUV image
30017,Mercedes-Benz,Tourismo 15 RHD,Coach / Autocar de tourisme,2020,210000,buses,185000.00,https://images.unsplash.com/photo-1563720223185-11003d516935,unknown,CONFLIT CATEGORIE/PHOTO,,,,; declared heavy/van/agriculture category conflicts with road-car/SUV image
30018,Setra,S 515 HD,ComfortClass Tourbus,2021,185000,buses,198000.00,https://images.unsplash.com/photo-1542282088-72c9c27ed0cd,unknown,CONFLIT CATEGORIE/PHOTO,,,,; declared heavy/van/agriculture category conflicts with road-car/SUV image
30019,Mercedes-Benz,Sprinter Transfer 45,Minibus 22+1 places,2022,72000,minibuses,74500.00,https://images.unsplash.com/photo-1502877338535-766e1452684a,unknown,CONFLIT CATEGORIE/PHOTO,,,,; declared heavy/van/agriculture category conflicts with road-car/SUV image
30020,Volkswagen,Crafter Minibus,Spaceliner VIP 16+1,2024,15,minibuses,82000.00,https://images.unsplash.com/photo-1555215695-3004980ad54e,unknown,CONFLIT CATEGORIE/PHOTO,,,,; declared heavy/van/agriculture category conflicts with road-car/SUV image
30021,John Deere,6R 250,High-Performance Tractor,2023,950,agricultural,168000.00,https://images.unsplash.com/photo-1618843479313-40f8afb4b4d8,unknown,CONFLIT CATEGORIE/PHOTO,,,,; declared heavy/van/agriculture category conflicts with road-car/SUV image
30022,Fendt,724 Vario,Gen 6 ProfiPlus,2022,1850,agricultural,154000.00,https://images.unsplash.com/photo-1603584173870-7f23fdae1b7a,unknown,CONFLIT CATEGORIE/PHOTO,,,,; declared heavy/van/agriculture category conflicts with road-car/SUV image
60001,BMW,Série 3,Série 3 Edition 1,2019,13700,cars,26450.00,https://images.unsplash.com/photo-1618843479313-40f8afb4b4d8,compatible/inconclusive,AUCUN CANDIDAT AUTOMATIQUE,24,60001,"60001,60011,60021,60031",
60002,Audi,Q7 50 TDI,Q7 50 TDI Edition 2,2020,17400,suvs,27900.00,https://images.unsplash.com/photo-1603584173870-7f23fdae1b7a,unknown,CONFLIT CATEGORIE/PHOTO,,,,; declared heavy/van/agriculture category conflicts with road-car/SUV image
60003,Audi,RS5 Coupé,RS5 Coupé Edition 3,2021,21100,coupes,29350.00,https://images.unsplash.com/photo-1541899481282-d53bffe3c35d,compatible/inconclusive,AUCUN CANDIDAT AUTOMATIQUE,,,,
60004,Volkswagen,Transporter T6.1,Transporter T6.1 Edition 4,2022,24800,vans,30800.00,https://images.unsplash.com/photo-1503376780353-7e6692767b70,unknown,CONFLIT CATEGORIE/PHOTO,75,60004,"60004,60034",; declared heavy/van/agriculture category conflicts with road-car/SUV image
60005,Audi,iX xDrive40,iX xDrive40 Edition 5,2023,28500,electric,32250.00,https://images.unsplash.com/photo-1583121274602-3e2820c69888,compatible/inconclusive,AUCUN CANDIDAT AUTOMATIQUE,48,60005,"60005,60035",
60006,BMW,911 Turbo 3.3,911 Turbo 3.3 Edition 6,2024,32200,classics,33700.00,https://images.unsplash.com/photo-1525609004556-c46c7d6cf023,compatible/inconclusive,AUCUN CANDIDAT AUTOMATIQUE,34,60006,"60006,60026",
60007,Volvo,Antos 1832,Antos 1832 Edition 7,2018,35900,trucks,35150.00,https://images.unsplash.com/photo-1563720223185-11003d516935,unknown,CONFLIT CATEGORIE/PHOTO,67,60007,"60007,60027",; declared heavy/van/agriculture category conflicts with road-car/SUV image
60008,MAN,Travego 15 SHD,Travego 15 SHD Edition 8,2019,39600,buses,36600.00,https://images.unsplash.com/photo-1542282088-72c9c27ed0cd,unknown,CONFLIT CATEGORIE/PHOTO,,,,; declared heavy/van/agriculture category conflicts with road-car/SUV image
60009,Mercedes-Benz,Crafter Transfer,Crafter Transfer Edition 9,2020,43300,minibuses,38050.00,https://images.unsplash.com/photo-1502877338535-766e1452684a,unknown,CONFLIT CATEGORIE/PHOTO,,,,; declared heavy/van/agriculture category conflicts with road-car/SUV image
60010,Claas,Axion 870,Axion 870 Edition 10,2021,47000,agricultural,39500.00,https://images.unsplash.com/photo-1555215695-3004980ad54e,unknown,CONFLIT CATEGORIE/PHOTO,4,60010,"60010,60030",; declared heavy/van/agriculture category conflicts with road-car/SUV image
60011,BMW,Série 3,Série 3 Edition 11,2022,50700,cars,40950.00,https://images.unsplash.com/photo-1618843479313-40f8afb4b4d8,compatible/inconclusive,REDONDANCE FORTE,24,60001,"60001,60011,60021,60031",same normalized image + same declared brand/model
60012,Audi,Touareg V6,Touareg V6 Edition 12,2023,54400,suvs,42400.00,https://images.unsplash.com/photo-1603584173870-7f23fdae1b7a,unknown,CONFLIT CATEGORIE/PHOTO,,,,; declared heavy/van/agriculture category conflicts with road-car/SUV image
60013,BMW,M4 Competition,M4 Competition Edition 13,2024,58100,coupes,43850.00,https://images.unsplash.com/photo-1541899481282-d53bffe3c35d,compatible/inconclusive,AUCUN CANDIDAT AUTOMATIQUE,,,,
60014,MAN,Transporter T6.1,Transporter T6.1 Edition 14,2018,61800,vans,45300.00,https://images.unsplash.com/photo-1503376780353-7e6692767b70,unknown,CONFLIT CATEGORIE/PHOTO,,,,; declared heavy/van/agriculture category conflicts with road-car/SUV image
60015,Audi,Taycan 4S,Taycan 4S Edition 15,2019,65500,electric,46750.00,https://images.unsplash.com/photo-1583121274602-3e2820c69888,compatible/inconclusive,AUCUN CANDIDAT AUTOMATIQUE,,,,
60016,Mercedes-Benz,911 Turbo 3.3,911 Turbo 3.3 Edition 16,2020,69200,classics,48200.00,https://images.unsplash.com/photo-1525609004556-c46c7d6cf023,compatible/inconclusive,AUCUN CANDIDAT AUTOMATIQUE,36,60016,"60016,60036",
60017,MAN,TGX 18.510,TGX 18.510 Edition 17,2021,72900,trucks,49650.00,https://images.unsplash.com/photo-1563720223185-11003d516935,unknown,CONFLIT CATEGORIE/PHOTO,65,60017,"60017,60037",; declared heavy/van/agriculture category conflicts with road-car/SUV image
60018,Mercedes-Benz,Lion's Coach R08,Lion's Coach R08 Edition 18,2022,76600,buses,51100.00,https://images.unsplash.com/photo-1542282088-72c9c27ed0cd,unknown,CONFLIT CATEGORIE/PHOTO,,,,; declared heavy/van/agriculture category conflicts with road-car/SUV image
60019,Volkswagen,V-Class VIP,V-Class VIP Edition 19,2023,80300,minibuses,52550.00,https://images.unsplash.com/photo-1502877338535-766e1452684a,unknown,CONFLIT CATEGORIE/PHOTO,,,,; declared heavy/van/agriculture category conflicts with road-car/SUV image
60020,John Deere,8R 410,8R 410 Edition 20,2024,84000,agricultural,54000.00,https://images.unsplash.com/photo-1555215695-3004980ad54e,unknown,CONFLIT CATEGORIE/PHOTO,,,,; declared heavy/van/agriculture category conflicts with road-car/SUV image
60021,BMW,Série 3,Série 3 Edition 21,2018,87700,cars,55450.00,https://images.unsplash.com/photo-1618843479313-40f8afb4b4d8,compatible/inconclusive,REDONDANCE FORTE,24,60001,"60001,60011,60021,60031",same normalized image + same declared brand/model
60022,Audi,X3 xDrive20d,X3 xDrive20d Edition 22,2019,91400,suvs,56900.00,https://images.unsplash.com/photo-1603584173870-7f23fdae1b7a,unknown,CONFLIT CATEGORIE/PHOTO,,,,; declared heavy/van/agriculture category conflicts with road-car/SUV image
60023,Audi,M850i,M850i Edition 23,2020,95100,coupes,58350.00,https://images.unsplash.com/photo-1541899481282-d53bffe3c35d,compatible/inconclusive,AUCUN CANDIDAT AUTOMATIQUE,,,,
60024,Mercedes-Benz,Transporter T6.1,Transporter T6.1 Edition 24,2021,98800,vans,59800.00,https://images.unsplash.com/photo-1503376780353-7e6692767b70,unknown,CONFLIT CATEGORIE/PHOTO,,,,; declared heavy/van/agriculture category conflicts with road-car/SUV image
60025,Audi,i4 M50,i4 M50 Edition 25,2022,102500,electric,61250.00,https://images.unsplash.com/photo-1583121274602-3e2820c69888,compatible/inconclusive,AUCUN CANDIDAT AUTOMATIQUE,,,,
60026,BMW,911 Turbo 3.3,911 Turbo 3.3 Edition 26,2023,106200,classics,62700.00,https://images.unsplash.com/photo-1525609004556-c46c7d6cf023,compatible/inconclusive,REDONDANCE FORTE,34,60006,"60006,60026",same normalized image + same declared brand/model
60027,Volvo,Antos 1832,Antos 1832 Edition 27,2024,109900,trucks,64150.00,https://images.unsplash.com/photo-1563720223185-11003d516935,unknown,CONFLIT + REDONDANCE FORTE,67,60007,"60007,60027",same normalized image + same declared brand/model; declared heavy/van/agriculture category conflicts with road-car/SUV image
60028,Setra,Travego 15 SHD,Travego 15 SHD Edition 28,2018,113600,buses,65600.00,https://images.unsplash.com/photo-1542282088-72c9c27ed0cd,unknown,CONFLIT CATEGORIE/PHOTO,,,,; declared heavy/van/agriculture category conflicts with road-car/SUV image
60029,Ford,Crafter Transfer,Crafter Transfer Edition 29,2019,117300,minibuses,67050.00,https://images.unsplash.com/photo-1502877338535-766e1452684a,unknown,CONFLIT CATEGORIE/PHOTO,,,,; declared heavy/van/agriculture category conflicts with road-car/SUV image
60030,Claas,Axion 870,Axion 870 Edition 30,2020,121000,agricultural,68500.00,https://images.unsplash.com/photo-1555215695-3004980ad54e,unknown,CONFLIT + REDONDANCE FORTE,4,60010,"60010,60030",same normalized image + same declared brand/model; declared heavy/van/agriculture category conflicts with road-car/SUV image
60031,BMW,Série 3,Série 3 Edition 31,2021,124700,cars,69950.00,https://images.unsplash.com/photo-1618843479313-40f8afb4b4d8,compatible/inconclusive,REDONDANCE FORTE,24,60001,"60001,60011,60021,60031",same normalized image + same declared brand/model
60032,Audi,GLE 350d,GLE 350d Edition 32,2022,128400,suvs,71400.00,https://images.unsplash.com/photo-1603584173870-7f23fdae1b7a,unknown,CONFLIT CATEGORIE/PHOTO,,,,; declared heavy/van/agriculture category conflicts with road-car/SUV image
60033,BMW,RS5 Coupé,RS5 Coupé Edition 33,2023,12100,coupes,72850.00,https://images.unsplash.com/photo-1541899481282-d53bffe3c35d,compatible/inconclusive,AUCUN CANDIDAT AUTOMATIQUE,,,,
60034,Volkswagen,Transporter T6.1,Transporter T6.1 Edition 34,2024,15800,vans,74300.00,https://images.unsplash.com/photo-1503376780353-7e6692767b70,unknown,CONFLIT + REDONDANCE FORTE,75,60004,"60004,60034",same normalized image + same declared brand/model; declared heavy/van/agriculture category conflicts with road-car/SUV image
60035,Audi,iX xDrive40,iX xDrive40 Edition 35,2018,19500,electric,75750.00,https://images.unsplash.com/photo-1583121274602-3e2820c69888,compatible/inconclusive,REDONDANCE FORTE,48,60005,"60005,60035",same normalized image + same declared brand/model
60036,Mercedes-Benz,911 Turbo 3.3,911 Turbo 3.3 Edition 36,2019,23200,classics,77200.00,https://images.unsplash.com/photo-1525609004556-c46c7d6cf023,compatible/inconclusive,REDONDANCE FORTE,36,60016,"60016,60036",same normalized image + same declared brand/model
60037,MAN,TGX 18.510,TGX 18.510 Edition 37,2020,26900,trucks,78650.00,https://images.unsplash.com/photo-1563720223185-11003d516935,unknown,CONFLIT + REDONDANCE FORTE,65,60017,"60017,60037",same normalized image + same declared brand/model; declared heavy/van/agriculture category conflicts with road-car/SUV image
60038,MAN,Lion's Coach R08,Lion's Coach R08 Edition 38,2021,30600,buses,80100.00,https://images.unsplash.com/photo-1542282088-72c9c27ed0cd,unknown,CONFLIT CATEGORIE/PHOTO,,,,; declared heavy/van/agriculture category conflicts with road-car/SUV image
60039,Mercedes-Benz,V-Class VIP,V-Class VIP Edition 39,2022,34300,minibuses,81550.00,https://images.unsplash.com/photo-1502877338535-766e1452684a,unknown,CONFLIT CATEGORIE/PHOTO,,,,; declared heavy/van/agriculture category conflicts with road-car/SUV image
60040,BMW,Série 3,Série 3 Edition 1,2019,13700,cars,26450.00,https://images.unsplash.com/photo-1555215695-3004980ad54e,compatible/inconclusive,AUCUN CANDIDAT AUTOMATIQUE,25,60040,"60040,60050,60060,60070,60080,60090,60100,60110,60120,60130,60140",
60041,Audi,Q7 50 TDI,Q7 50 TDI Edition 2,2020,17400,suvs,27900.00,https://images.unsplash.com/photo-1618843479313-40f8afb4b4d8,unknown,CONFLIT CATEGORIE/PHOTO,59,60041,"60041,60081,60121",; declared heavy/van/agriculture category conflicts with road-car/SUV image
60042,Audi,RS5 Coupé,RS5 Coupé Edition 3,2021,21100,coupes,29350.00,https://images.unsplash.com/photo-1603584173870-7f23fdae1b7a,compatible/inconclusive,AUCUN CANDIDAT AUTOMATIQUE,39,60042,"60042,60102",
60043,Volkswagen,Transporter T6.1,Transporter T6.1 Edition 4,2022,24800,vans,30800.00,https://images.unsplash.com/photo-1541899481282-d53bffe3c35d,unknown,CONFLIT + REDONDANCE FORTE,30,3,"3,60043,60073,60103,60133",same normalized image + same declared brand/model; declared heavy/van/agriculture category conflicts with road-car/SUV image
60044,Audi,iX xDrive40,iX xDrive40 Edition 5,2023,28500,electric,32250.00,https://images.unsplash.com/photo-1503376780353-7e6692767b70,compatible/inconclusive,AUCUN CANDIDAT AUTOMATIQUE,49,60044,"60044,60074,60104,60134",
60045,BMW,911 Turbo 3.3,911 Turbo 3.3 Edition 6,2024,32200,classics,33700.00,https://images.unsplash.com/photo-1583121274602-3e2820c69888,compatible/inconclusive,AUCUN CANDIDAT AUTOMATIQUE,33,60045,"60045,60065,60085,60105,60125",
60046,Volvo,Antos 1832,Antos 1832 Edition 7,2018,35900,trucks,35150.00,https://images.unsplash.com/photo-1525609004556-c46c7d6cf023,unknown,CONFLIT CATEGORIE/PHOTO,68,60046,"60046,60066,60086,60106,60126",; declared heavy/van/agriculture category conflicts with road-car/SUV image
60047,MAN,Travego 15 SHD,Travego 15 SHD Edition 8,2019,39600,buses,36600.00,https://images.unsplash.com/photo-1563720223185-11003d516935,unknown,CONFLIT CATEGORIE/PHOTO,9,60047,"60047,60107",; declared heavy/van/agriculture category conflicts with road-car/SUV image
60048,Mercedes-Benz,Crafter Transfer,Crafter Transfer Edition 9,2020,43300,minibuses,38050.00,https://images.unsplash.com/photo-1542282088-72c9c27ed0cd,unknown,CONFLIT CATEGORIE/PHOTO,52,60048,"60048,60108",; declared heavy/van/agriculture category conflicts with road-car/SUV image
60049,Claas,Axion 870,Axion 870 Edition 10,2021,47000,agricultural,39500.00,https://images.unsplash.com/photo-1502877338535-766e1452684a,unknown,CONFLIT CATEGORIE/PHOTO,3,60049,"60049,60069,60089,60109,60129",; declared heavy/van/agriculture category conflicts with road-car/SUV image
60050,BMW,Série 3,Série 3 Edition 11,2022,50700,cars,40950.00,https://images.unsplash.com/photo-1555215695-3004980ad54e,compatible/inconclusive,REDONDANCE FORTE,25,60040,"60040,60050,60060,60070,60080,60090,60100,60110,60120,60130,60140",same normalized image + same declared brand/model
60051,Audi,Touareg V6,Touareg V6 Edition 12,2023,54400,suvs,42400.00,https://images.unsplash.com/photo-1618843479313-40f8afb4b4d8,unknown,CONFLIT CATEGORIE/PHOTO,61,60051,"60051,60091,60131",; declared heavy/van/agriculture category conflicts with road-car/SUV image
60052,BMW,M4 Competition,M4 Competition Edition 13,2024,58100,coupes,43850.00,https://images.unsplash.com/photo-1603584173870-7f23fdae1b7a,compatible/inconclusive,AUCUN CANDIDAT AUTOMATIQUE,42,60052,"60052,60112",
60053,MAN,Transporter T6.1,Transporter T6.1 Edition 14,2018,61800,vans,45300.00,https://images.unsplash.com/photo-1541899481282-d53bffe3c35d,unknown,CONFLIT CATEGORIE/PHOTO,71,60053,"60053,60083,60113",; declared heavy/van/agriculture category conflicts with road-car/SUV image
60054,Audi,Taycan 4S,Taycan 4S Edition 15,2019,65500,electric,46750.00,https://images.unsplash.com/photo-1503376780353-7e6692767b70,compatible/inconclusive,AUCUN CANDIDAT AUTOMATIQUE,45,60054,"60054,60084,60114",
60055,Mercedes-Benz,911 Turbo 3.3,911 Turbo 3.3 Edition 16,2020,69200,classics,48200.00,https://images.unsplash.com/photo-1583121274602-3e2820c69888,compatible/inconclusive,AUCUN CANDIDAT AUTOMATIQUE,35,60055,"60055,60075,60095,60115,60135",
60056,MAN,TGX 18.510,TGX 18.510 Edition 17,2021,72900,trucks,49650.00,https://images.unsplash.com/photo-1525609004556-c46c7d6cf023,unknown,CONFLIT CATEGORIE/PHOTO,64,60056,"60056,60076,60096,60116,60136",; declared heavy/van/agriculture category conflicts with road-car/SUV image
60057,Mercedes-Benz,Lion's Coach R08,Lion's Coach R08 Edition 18,2022,76600,buses,51100.00,https://images.unsplash.com/photo-1563720223185-11003d516935,unknown,CONFLIT CATEGORIE/PHOTO,10,60057,"60057,60117",; declared heavy/van/agriculture category conflicts with road-car/SUV image
60058,Volkswagen,V-Class VIP,V-Class VIP Edition 19,2023,80300,minibuses,52550.00,https://images.unsplash.com/photo-1542282088-72c9c27ed0cd,unknown,CONFLIT CATEGORIE/PHOTO,56,60058,"60058,60118",; declared heavy/van/agriculture category conflicts with road-car/SUV image
60059,John Deere,8R 410,8R 410 Edition 20,2024,84000,agricultural,54000.00,https://images.unsplash.com/photo-1502877338535-766e1452684a,unknown,CONFLIT CATEGORIE/PHOTO,5,60059,"60059,60079,60099,60119,60139",; declared heavy/van/agriculture category conflicts with road-car/SUV image
60060,BMW,Série 3,Série 3 Edition 21,2018,87700,cars,55450.00,https://images.unsplash.com/photo-1555215695-3004980ad54e,compatible/inconclusive,REDONDANCE FORTE,25,60040,"60040,60050,60060,60070,60080,60090,60100,60110,60120,60130,60140",same normalized image + same declared brand/model
60061,Audi,X3 xDrive20d,X3 xDrive20d Edition 22,2019,91400,suvs,56900.00,https://images.unsplash.com/photo-1618843479313-40f8afb4b4d8,unknown,CONFLIT CATEGORIE/PHOTO,62,60061,"60061,60101,60141",; declared heavy/van/agriculture category conflicts with road-car/SUV image
60062,Audi,M850i,M850i Edition 23,2020,95100,coupes,58350.00,https://images.unsplash.com/photo-1603584173870-7f23fdae1b7a,compatible/inconclusive,AUCUN CANDIDAT AUTOMATIQUE,38,60062,"60062,60122",
60063,Mercedes-Benz,Transporter T6.1,Transporter T6.1 Edition 24,2021,98800,vans,59800.00,https://images.unsplash.com/photo-1541899481282-d53bffe3c35d,unknown,CONFLIT CATEGORIE/PHOTO,73,60063,"60063,60093,60123",; declared heavy/van/agriculture category conflicts with road-car/SUV image
60064,Audi,i4 M50,i4 M50 Edition 25,2022,102500,electric,61250.00,https://images.unsplash.com/photo-1503376780353-7e6692767b70,compatible/inconclusive,AUCUN CANDIDAT AUTOMATIQUE,46,60064,"60064,60094,60124",
60065,BMW,911 Turbo 3.3,911 Turbo 3.3 Edition 26,2023,106200,classics,62700.00,https://images.unsplash.com/photo-1583121274602-3e2820c69888,compatible/inconclusive,REDONDANCE FORTE,33,60045,"60045,60065,60085,60105,60125",same normalized image + same declared brand/model
60066,Volvo,Antos 1832,Antos 1832 Edition 27,2024,109900,trucks,64150.00,https://images.unsplash.com/photo-1525609004556-c46c7d6cf023,unknown,CONFLIT + REDONDANCE FORTE,68,60046,"60046,60066,60086,60106,60126",same normalized image + same declared brand/model; declared heavy/van/agriculture category conflicts with road-car/SUV image
60067,Setra,Travego 15 SHD,Travego 15 SHD Edition 28,2018,113600,buses,65600.00,https://images.unsplash.com/photo-1563720223185-11003d516935,unknown,CONFLIT CATEGORIE/PHOTO,23,60067,"60067,60127",; declared heavy/van/agriculture category conflicts with road-car/SUV image
60068,Ford,Crafter Transfer,Crafter Transfer Edition 29,2019,117300,minibuses,67050.00,https://images.unsplash.com/photo-1542282088-72c9c27ed0cd,unknown,CONFLIT CATEGORIE/PHOTO,50,60068,"60068,60128",; declared heavy/van/agriculture category conflicts with road-car/SUV image
60069,Claas,Axion 870,Axion 870 Edition 30,2020,121000,agricultural,68500.00,https://images.unsplash.com/photo-1502877338535-766e1452684a,unknown,CONFLIT + REDONDANCE FORTE,3,60049,"60049,60069,60089,60109,60129",same normalized image + same declared brand/model; declared heavy/van/agriculture category conflicts with road-car/SUV image
60070,BMW,Série 3,Série 3 Edition 31,2021,124700,cars,69950.00,https://images.unsplash.com/photo-1555215695-3004980ad54e,compatible/inconclusive,REDONDANCE FORTE,25,60040,"60040,60050,60060,60070,60080,60090,60100,60110,60120,60130,60140",same normalized image + same declared brand/model
60071,Audi,GLE 350d,GLE 350d Edition 32,2022,128400,suvs,71400.00,https://images.unsplash.com/photo-1618843479313-40f8afb4b4d8,unknown,CONFLIT CATEGORIE/PHOTO,58,60071,"60071,60111",; declared heavy/van/agriculture category conflicts with road-car/SUV image
60072,BMW,RS5 Coupé,RS5 Coupé Edition 33,2023,12100,coupes,72850.00,https://images.unsplash.com/photo-1603584173870-7f23fdae1b7a,compatible/inconclusive,AUCUN CANDIDAT AUTOMATIQUE,43,60072,"60072,60132",
60073,Volkswagen,Transporter T6.1,Transporter T6.1 Edition 34,2024,15800,vans,74300.00,https://images.unsplash.com/photo-1541899481282-d53bffe3c35d,unknown,CONFLIT + REDONDANCE FORTE,30,3,"3,60043,60073,60103,60133",same normalized image + same declared brand/model; declared heavy/van/agriculture category conflicts with road-car/SUV image
60074,Audi,iX xDrive40,iX xDrive40 Edition 35,2018,19500,electric,75750.00,https://images.unsplash.com/photo-1503376780353-7e6692767b70,compatible/inconclusive,REDONDANCE FORTE,49,60044,"60044,60074,60104,60134",same normalized image + same declared brand/model
60075,Mercedes-Benz,911 Turbo 3.3,911 Turbo 3.3 Edition 36,2019,23200,classics,77200.00,https://images.unsplash.com/photo-1583121274602-3e2820c69888,compatible/inconclusive,REDONDANCE FORTE,35,60055,"60055,60075,60095,60115,60135",same normalized image + same declared brand/model
60076,MAN,TGX 18.510,TGX 18.510 Edition 37,2020,26900,trucks,78650.00,https://images.unsplash.com/photo-1525609004556-c46c7d6cf023,unknown,CONFLIT + REDONDANCE FORTE,64,60056,"60056,60076,60096,60116,60136",same normalized image + same declared brand/model; declared heavy/van/agriculture category conflicts with road-car/SUV image
60077,MAN,Lion's Coach R08,Lion's Coach R08 Edition 38,2021,30600,buses,80100.00,https://images.unsplash.com/photo-1563720223185-11003d516935,unknown,CONFLIT CATEGORIE/PHOTO,7,60077,"60077,60137",; declared heavy/van/agriculture category conflicts with road-car/SUV image
60078,Mercedes-Benz,V-Class VIP,V-Class VIP Edition 39,2022,34300,minibuses,81550.00,https://images.unsplash.com/photo-1542282088-72c9c27ed0cd,unknown,CONFLIT CATEGORIE/PHOTO,54,60078,"60078,60138",; declared heavy/van/agriculture category conflicts with road-car/SUV image
60079,John Deere,8R 410,8R 410 Edition 40,2023,38000,agricultural,83000.00,https://images.unsplash.com/photo-1502877338535-766e1452684a,unknown,CONFLIT + REDONDANCE FORTE,5,60059,"60059,60079,60099,60119,60139",same normalized image + same declared brand/model; declared heavy/van/agriculture category conflicts with road-car/SUV image
60080,BMW,Série 3,Série 3 Edition 41,2024,41700,cars,84450.00,https://images.unsplash.com/photo-1555215695-3004980ad54e,compatible/inconclusive,REDONDANCE FORTE,25,60040,"60040,60050,60060,60070,60080,60090,60100,60110,60120,60130,60140",same normalized image + same declared brand/model
60081,Audi,Q7 50 TDI,Q7 50 TDI Edition 42,2018,45400,suvs,85900.00,https://images.unsplash.com/photo-1618843479313-40f8afb4b4d8,unknown,CONFLIT + REDONDANCE FORTE,59,60041,"60041,60081,60121",same normalized image + same declared brand/model; declared heavy/van/agriculture category conflicts with road-car/SUV image
60082,Audi,M4 Competition,M4 Competition Edition 43,2019,49100,coupes,87350.00,https://images.unsplash.com/photo-1603584173870-7f23fdae1b7a,compatible/inconclusive,AUCUN CANDIDAT AUTOMATIQUE,,,,
60083,MAN,Transporter T6.1,Transporter T6.1 Edition 44,2020,52800,vans,88800.00,https://images.unsplash.com/photo-1541899481282-d53bffe3c35d,unknown,CONFLIT + REDONDANCE FORTE,71,60053,"60053,60083,60113",same normalized image + same declared brand/model; declared heavy/van/agriculture category conflicts with road-car/SUV image
60084,Audi,Taycan 4S,Taycan 4S Edition 45,2021,56500,electric,90250.00,https://images.unsplash.com/photo-1503376780353-7e6692767b70,compatible/inconclusive,REDONDANCE FORTE,45,60054,"60054,60084,60114",same normalized image + same declared brand/model
60085,BMW,911 Turbo 3.3,911 Turbo 3.3 Edition 46,2022,60200,classics,91700.00,https://images.unsplash.com/photo-1583121274602-3e2820c69888,compatible/inconclusive,REDONDANCE FORTE,33,60045,"60045,60065,60085,60105,60125",same normalized image + same declared brand/model
60086,Volvo,Antos 1832,Antos 1832 Edition 47,2023,63900,trucks,93150.00,https://images.unsplash.com/photo-1525609004556-c46c7d6cf023,unknown,CONFLIT + REDONDANCE FORTE,68,60046,"60046,60066,60086,60106,60126",same normalized image + same declared brand/model; declared heavy/van/agriculture category conflicts with road-car/SUV image
60087,Mercedes-Benz,Travego 15 SHD,Travego 15 SHD Edition 48,2024,67600,buses,94600.00,https://images.unsplash.com/photo-1563720223185-11003d516935,unknown,CONFLIT CATEGORIE/PHOTO,,,,; declared heavy/van/agriculture category conflicts with road-car/SUV image
60088,Volkswagen,Crafter Transfer,Crafter Transfer Edition 49,2018,71300,minibuses,96050.00,https://images.unsplash.com/photo-1542282088-72c9c27ed0cd,unknown,CONFLIT CATEGORIE/PHOTO,,,,; declared heavy/van/agriculture category conflicts with road-car/SUV image
60089,Claas,Axion 870,Axion 870 Edition 50,2019,75000,agricultural,97500.00,https://images.unsplash.com/photo-1502877338535-766e1452684a,unknown,CONFLIT + REDONDANCE FORTE,3,60049,"60049,60069,60089,60109,60129",same normalized image + same declared brand/model; declared heavy/van/agriculture category conflicts with road-car/SUV image
60090,BMW,Série 3,Série 3 Edition 51,2020,78700,cars,98950.00,https://images.unsplash.com/photo-1555215695-3004980ad54e,compatible/inconclusive,REDONDANCE FORTE,25,60040,"60040,60050,60060,60070,60080,60090,60100,60110,60120,60130,60140",same normalized image + same declared brand/model
60091,Audi,Touareg V6,Touareg V6 Edition 52,2021,82400,suvs,100400.00,https://images.unsplash.com/photo-1618843479313-40f8afb4b4d8,unknown,CONFLIT + REDONDANCE FORTE,61,60051,"60051,60091,60131",same normalized image + same declared brand/model; declared heavy/van/agriculture category conflicts with road-car/SUV image
60092,BMW,M850i,M850i Edition 53,2022,86100,coupes,101850.00,https://images.unsplash.com/photo-1603584173870-7f23fdae1b7a,compatible/inconclusive,AUCUN CANDIDAT AUTOMATIQUE,,,,
60093,Mercedes-Benz,Transporter T6.1,Transporter T6.1 Edition 54,2023,89800,vans,103300.00,https://images.unsplash.com/photo-1541899481282-d53bffe3c35d,unknown,CONFLIT + REDONDANCE FORTE,73,60063,"60063,60093,60123",same normalized image + same declared brand/model; declared heavy/van/agriculture category conflicts with road-car/SUV image
60094,Audi,i4 M50,i4 M50 Edition 55,2024,93500,electric,104750.00,https://images.unsplash.com/photo-1503376780353-7e6692767b70,compatible/inconclusive,REDONDANCE FORTE,46,60064,"60064,60094,60124",same normalized image + same declared brand/model
60095,Mercedes-Benz,911 Turbo 3.3,911 Turbo 3.3 Edition 56,2018,97200,classics,106200.00,https://images.unsplash.com/photo-1583121274602-3e2820c69888,compatible/inconclusive,REDONDANCE FORTE,35,60055,"60055,60075,60095,60115,60135",same normalized image + same declared brand/model
60096,MAN,TGX 18.510,TGX 18.510 Edition 57,2019,100900,trucks,107650.00,https://images.unsplash.com/photo-1525609004556-c46c7d6cf023,unknown,CONFLIT + REDONDANCE FORTE,64,60056,"60056,60076,60096,60116,60136",same normalized image + same declared brand/model; declared heavy/van/agriculture category conflicts with road-car/SUV image
60097,Setra,Lion's Coach R08,Lion's Coach R08 Edition 58,2020,104600,buses,109100.00,https://images.unsplash.com/photo-1563720223185-11003d516935,unknown,CONFLIT CATEGORIE/PHOTO,,,,; declared heavy/van/agriculture category conflicts with road-car/SUV image
60098,Ford,V-Class VIP,V-Class VIP Edition 59,2021,108300,minibuses,110550.00,https://images.unsplash.com/photo-1542282088-72c9c27ed0cd,unknown,CONFLIT CATEGORIE/PHOTO,,,,; declared heavy/van/agriculture category conflicts with road-car/SUV image
60099,John Deere,8R 410,8R 410 Edition 60,2022,112000,agricultural,112000.00,https://images.unsplash.com/photo-1502877338535-766e1452684a,unknown,CONFLIT + REDONDANCE FORTE,5,60059,"60059,60079,60099,60119,60139",same normalized image + same declared brand/model; declared heavy/van/agriculture category conflicts with road-car/SUV image
60100,BMW,Série 3,Série 3 Edition 61,2023,115700,cars,113450.00,https://images.unsplash.com/photo-1555215695-3004980ad54e,compatible/inconclusive,REDONDANCE FORTE,25,60040,"60040,60050,60060,60070,60080,60090,60100,60110,60120,60130,60140",same normalized image + same declared brand/model
60101,Audi,X3 xDrive20d,X3 xDrive20d Edition 62,2024,119400,suvs,114900.00,https://images.unsplash.com/photo-1618843479313-40f8afb4b4d8,unknown,CONFLIT + REDONDANCE FORTE,62,60061,"60061,60101,60141",same normalized image + same declared brand/model; declared heavy/van/agriculture category conflicts with road-car/SUV image
60102,Audi,RS5 Coupé,RS5 Coupé Edition 63,2018,123100,coupes,116350.00,https://images.unsplash.com/photo-1603584173870-7f23fdae1b7a,compatible/inconclusive,REDONDANCE FORTE,39,60042,"60042,60102",same normalized image + same declared brand/model
60103,Volkswagen,Transporter T6.1,Transporter T6.1 Edition 64,2019,126800,vans,117800.00,https://images.unsplash.com/photo-1541899481282-d53bffe3c35d,unknown,CONFLIT + REDONDANCE FORTE,30,3,"3,60043,60073,60103,60133",same normalized image + same declared brand/model; declared heavy/van/agriculture category conflicts with road-car/SUV image
60104,Audi,iX xDrive40,iX xDrive40 Edition 65,2020,10500,electric,119250.00,https://images.unsplash.com/photo-1503376780353-7e6692767b70,compatible/inconclusive,REDONDANCE FORTE,49,60044,"60044,60074,60104,60134",same normalized image + same declared brand/model
60105,BMW,911 Turbo 3.3,911 Turbo 3.3 Edition 66,2021,14200,classics,120700.00,https://images.unsplash.com/photo-1583121274602-3e2820c69888,compatible/inconclusive,REDONDANCE FORTE,33,60045,"60045,60065,60085,60105,60125",same normalized image + same declared brand/model
60106,Volvo,Antos 1832,Antos 1832 Edition 67,2022,17900,trucks,122150.00,https://images.unsplash.com/photo-1525609004556-c46c7d6cf023,unknown,CONFLIT + REDONDANCE FORTE,68,60046,"60046,60066,60086,60106,60126",same normalized image + same declared brand/model; declared heavy/van/agriculture category conflicts with road-car/SUV image
60107,MAN,Travego 15 SHD,Travego 15 SHD Edition 68,2023,21600,buses,123600.00,https://images.unsplash.com/photo-1563720223185-11003d516935,unknown,CONFLIT + REDONDANCE FORTE,9,60047,"60047,60107",same normalized image + same declared brand/model; declared heavy/van/agriculture category conflicts with road-car/SUV image
60108,Mercedes-Benz,Crafter Transfer,Crafter Transfer Edition 69,2024,25300,minibuses,125050.00,https://images.unsplash.com/photo-1542282088-72c9c27ed0cd,unknown,CONFLIT + REDONDANCE FORTE,52,60048,"60048,60108",same normalized image + same declared brand/model; declared heavy/van/agriculture category conflicts with road-car/SUV image
60109,Claas,Axion 870,Axion 870 Edition 70,2018,29000,agricultural,126500.00,https://images.unsplash.com/photo-1502877338535-766e1452684a,unknown,CONFLIT + REDONDANCE FORTE,3,60049,"60049,60069,60089,60109,60129",same normalized image + same declared brand/model; declared heavy/van/agriculture category conflicts with road-car/SUV image
60110,BMW,Série 3,Série 3 Edition 71,2019,32700,cars,127950.00,https://images.unsplash.com/photo-1555215695-3004980ad54e,compatible/inconclusive,REDONDANCE FORTE,25,60040,"60040,60050,60060,60070,60080,60090,60100,60110,60120,60130,60140",same normalized image + same declared brand/model
60111,Audi,GLE 350d,GLE 350d Edition 72,2020,36400,suvs,129400.00,https://images.unsplash.com/photo-1618843479313-40f8afb4b4d8,unknown,CONFLIT + REDONDANCE FORTE,58,60071,"60071,60111",same normalized image + same declared brand/model; declared heavy/van/agriculture category conflicts with road-car/SUV image
60112,BMW,M4 Competition,M4 Competition Edition 73,2021,40100,coupes,130850.00,https://images.unsplash.com/photo-1603584173870-7f23fdae1b7a,compatible/inconclusive,REDONDANCE FORTE,42,60052,"60052,60112",same normalized image + same declared brand/model
60113,MAN,Transporter T6.1,Transporter T6.1 Edition 74,2022,43800,vans,132300.00,https://images.unsplash.com/photo-1541899481282-d53bffe3c35d,unknown,CONFLIT + REDONDANCE FORTE,71,60053,"60053,60083,60113",same normalized image + same declared brand/model; declared heavy/van/agriculture category conflicts with road-car/SUV image
60114,Audi,Taycan 4S,Taycan 4S Edition 75,2023,47500,electric,133750.00,https://images.unsplash.com/photo-1503376780353-7e6692767b70,compatible/inconclusive,REDONDANCE FORTE,45,60054,"60054,60084,60114",same normalized image + same declared brand/model
60115,Mercedes-Benz,911 Turbo 3.3,911 Turbo 3.3 Edition 76,2024,51200,classics,135200.00,https://images.unsplash.com/photo-1583121274602-3e2820c69888,compatible/inconclusive,REDONDANCE FORTE,35,60055,"60055,60075,60095,60115,60135",same normalized image + same declared brand/model
60116,MAN,TGX 18.510,TGX 18.510 Edition 77,2018,54900,trucks,136650.00,https://images.unsplash.com/photo-1525609004556-c46c7d6cf023,unknown,CONFLIT + REDONDANCE FORTE,64,60056,"60056,60076,60096,60116,60136",same normalized image + same declared brand/model; declared heavy/van/agriculture category conflicts with road-car/SUV image
60117,Mercedes-Benz,Lion's Coach R08,Lion's Coach R08 Edition 78,2019,58600,buses,138100.00,https://images.unsplash.com/photo-1563720223185-11003d516935,unknown,CONFLIT + REDONDANCE FORTE,10,60057,"60057,60117",same normalized image + same declared brand/model; declared heavy/van/agriculture category conflicts with road-car/SUV image
60118,Volkswagen,V-Class VIP,V-Class VIP Edition 79,2020,62300,minibuses,139550.00,https://images.unsplash.com/photo-1542282088-72c9c27ed0cd,unknown,CONFLIT + REDONDANCE FORTE,56,60058,"60058,60118",same normalized image + same declared brand/model; declared heavy/van/agriculture category conflicts with road-car/SUV image
60119,John Deere,8R 410,8R 410 Edition 80,2021,66000,agricultural,141000.00,https://images.unsplash.com/photo-1502877338535-766e1452684a,unknown,CONFLIT + REDONDANCE FORTE,5,60059,"60059,60079,60099,60119,60139",same normalized image + same declared brand/model; declared heavy/van/agriculture category conflicts with road-car/SUV image
60120,BMW,Série 3,Série 3 Edition 81,2022,69700,cars,142450.00,https://images.unsplash.com/photo-1555215695-3004980ad54e,compatible/inconclusive,REDONDANCE FORTE,25,60040,"60040,60050,60060,60070,60080,60090,60100,60110,60120,60130,60140",same normalized image + same declared brand/model
60121,Audi,Q7 50 TDI,Q7 50 TDI Edition 82,2023,73400,suvs,143900.00,https://images.unsplash.com/photo-1618843479313-40f8afb4b4d8,unknown,CONFLIT + REDONDANCE FORTE,59,60041,"60041,60081,60121",same normalized image + same declared brand/model; declared heavy/van/agriculture category conflicts with road-car/SUV image
60122,Audi,M850i,M850i Edition 83,2024,77100,coupes,145350.00,https://images.unsplash.com/photo-1603584173870-7f23fdae1b7a,compatible/inconclusive,REDONDANCE FORTE,38,60062,"60062,60122",same normalized image + same declared brand/model
60123,Mercedes-Benz,Transporter T6.1,Transporter T6.1 Edition 84,2018,80800,vans,146800.00,https://images.unsplash.com/photo-1541899481282-d53bffe3c35d,unknown,CONFLIT + REDONDANCE FORTE,73,60063,"60063,60093,60123",same normalized image + same declared brand/model; declared heavy/van/agriculture category conflicts with road-car/SUV image
60124,Audi,i4 M50,i4 M50 Edition 85,2019,84500,electric,148250.00,https://images.unsplash.com/photo-1503376780353-7e6692767b70,compatible/inconclusive,REDONDANCE FORTE,46,60064,"60064,60094,60124",same normalized image + same declared brand/model
60125,BMW,911 Turbo 3.3,911 Turbo 3.3 Edition 86,2020,88200,classics,149700.00,https://images.unsplash.com/photo-1583121274602-3e2820c69888,compatible/inconclusive,REDONDANCE FORTE,33,60045,"60045,60065,60085,60105,60125",same normalized image + same declared brand/model
60126,Volvo,Antos 1832,Antos 1832 Edition 87,2021,91900,trucks,151150.00,https://images.unsplash.com/photo-1525609004556-c46c7d6cf023,unknown,CONFLIT + REDONDANCE FORTE,68,60046,"60046,60066,60086,60106,60126",same normalized image + same declared brand/model; declared heavy/van/agriculture category conflicts with road-car/SUV image
60127,Setra,Travego 15 SHD,Travego 15 SHD Edition 88,2022,95600,buses,152600.00,https://images.unsplash.com/photo-1563720223185-11003d516935,unknown,CONFLIT + REDONDANCE FORTE,23,60067,"60067,60127",same normalized image + same declared brand/model; declared heavy/van/agriculture category conflicts with road-car/SUV image
60128,Ford,Crafter Transfer,Crafter Transfer Edition 89,2023,99300,minibuses,154050.00,https://images.unsplash.com/photo-1542282088-72c9c27ed0cd,unknown,CONFLIT + REDONDANCE FORTE,50,60068,"60068,60128",same normalized image + same declared brand/model; declared heavy/van/agriculture category conflicts with road-car/SUV image
60129,Claas,Axion 870,Axion 870 Edition 90,2024,103000,agricultural,155500.00,https://images.unsplash.com/photo-1502877338535-766e1452684a,unknown,CONFLIT + REDONDANCE FORTE,3,60049,"60049,60069,60089,60109,60129",same normalized image + same declared brand/model; declared heavy/van/agriculture category conflicts with road-car/SUV image
60130,BMW,Série 3,Série 3 Edition 91,2018,106700,cars,156950.00,https://images.unsplash.com/photo-1555215695-3004980ad54e,compatible/inconclusive,REDONDANCE FORTE,25,60040,"60040,60050,60060,60070,60080,60090,60100,60110,60120,60130,60140",same normalized image + same declared brand/model
60131,Audi,Touareg V6,Touareg V6 Edition 92,2019,110400,suvs,158400.00,https://images.unsplash.com/photo-1618843479313-40f8afb4b4d8,unknown,CONFLIT + REDONDANCE FORTE,61,60051,"60051,60091,60131",same normalized image + same declared brand/model; declared heavy/van/agriculture category conflicts with road-car/SUV image
60132,BMW,RS5 Coupé,RS5 Coupé Edition 93,2020,114100,coupes,159850.00,https://images.unsplash.com/photo-1603584173870-7f23fdae1b7a,compatible/inconclusive,REDONDANCE FORTE,43,60072,"60072,60132",same normalized image + same declared brand/model
60133,Volkswagen,Transporter T6.1,Transporter T6.1 Edition 94,2021,117800,vans,161300.00,https://images.unsplash.com/photo-1541899481282-d53bffe3c35d,unknown,CONFLIT + REDONDANCE FORTE,30,3,"3,60043,60073,60103,60133",same normalized image + same declared brand/model; declared heavy/van/agriculture category conflicts with road-car/SUV image
60134,Audi,iX xDrive40,iX xDrive40 Edition 95,2022,121500,electric,162750.00,https://images.unsplash.com/photo-1503376780353-7e6692767b70,compatible/inconclusive,REDONDANCE FORTE,49,60044,"60044,60074,60104,60134",same normalized image + same declared brand/model
60135,Mercedes-Benz,911 Turbo 3.3,911 Turbo 3.3 Edition 96,2023,125200,classics,164200.00,https://images.unsplash.com/photo-1583121274602-3e2820c69888,compatible/inconclusive,REDONDANCE FORTE,35,60055,"60055,60075,60095,60115,60135",same normalized image + same declared brand/model
60136,MAN,TGX 18.510,TGX 18.510 Edition 97,2024,128900,trucks,165650.00,https://images.unsplash.com/photo-1525609004556-c46c7d6cf023,unknown,CONFLIT + REDONDANCE FORTE,64,60056,"60056,60076,60096,60116,60136",same normalized image + same declared brand/model; declared heavy/van/agriculture category conflicts with road-car/SUV image
60137,MAN,Lion's Coach R08,Lion's Coach R08 Edition 98,2018,12600,buses,167100.00,https://images.unsplash.com/photo-1563720223185-11003d516935,unknown,CONFLIT + REDONDANCE FORTE,7,60077,"60077,60137",same normalized image + same declared brand/model; declared heavy/van/agriculture category conflicts with road-car/SUV image
60138,Mercedes-Benz,V-Class VIP,V-Class VIP Edition 99,2019,16300,minibuses,168550.00,https://images.unsplash.com/photo-1542282088-72c9c27ed0cd,unknown,CONFLIT + REDONDANCE FORTE,54,60078,"60078,60138",same normalized image + same declared brand/model; declared heavy/van/agriculture category conflicts with road-car/SUV image
60139,John Deere,8R 410,8R 410 Edition 100,2020,20000,agricultural,170000.00,https://images.unsplash.com/photo-1502877338535-766e1452684a,unknown,CONFLIT + REDONDANCE FORTE,5,60059,"60059,60079,60099,60119,60139",same normalized image + same declared brand/model; declared heavy/van/agriculture category conflicts with road-car/SUV image
60140,BMW,Série 3,Série 3 Edition 101,2021,23700,cars,171450.00,https://images.unsplash.com/photo-1555215695-3004980ad54e,compatible/inconclusive,REDONDANCE FORTE,25,60040,"60040,60050,60060,60070,60080,60090,60100,60110,60120,60130,60140",same normalized image + same declared brand/model
60141,Audi,X3 xDrive20d,X3 xDrive20d Edition 102,2022,27400,suvs,172900.00,https://images.unsplash.com/photo-1618843479313-40f8afb4b4d8,unknown,CONFLIT + REDONDANCE FORTE,62,60061,"60061,60101,60141",same normalized image + same declared brand/model; declared heavy/van/agriculture category conflicts with road-car/SUV image
60142,BMW,Série 3,Série 3 Export Line 1,2019,14900,cars,29750.00,https://images.unsplash.com/photo-1603584173870-7f23fdae1b7a,compatible/inconclusive,REDONDANCE FORTE,26,30002,"30002,60142,60152,60162,60172,60182,60192,60202,60212,60222,60232",same normalized image + same declared brand/model
60143,Audi,Q7 50 TDI,Q7 50 TDI Export Line 2,2020,17800,suvs,31500.00,https://images.unsplash.com/photo-1541899481282-d53bffe3c35d,unknown,CONFLIT CATEGORIE/PHOTO,60,60143,"60143,60163,60183,60203,60223",; declared heavy/van/agriculture category conflicts with road-car/SUV image
60144,Audi,RS5 Coupé,RS5 Coupé Export Line 3,2021,20700,coupes,33250.00,https://images.unsplash.com/photo-1503376780353-7e6692767b70,compatible/inconclusive,AUCUN CANDIDAT AUTOMATIQUE,40,60144,"60144,60164,60184,60204,60224",
60145,Volkswagen,Crafter 35,Crafter 35 Export Line 4,2022,23600,vans,35000.00,https://images.unsplash.com/photo-1583121274602-3e2820c69888,unknown,CONFLIT CATEGORIE/PHOTO,74,60145,"60145,60175,60205,60235",; declared heavy/van/agriculture category conflicts with road-car/SUV image
60146,Audi,i4 M50,i4 M50 Export Line 5,2023,26500,electric,36750.00,https://images.unsplash.com/photo-1525609004556-c46c7d6cf023,compatible/inconclusive,AUCUN CANDIDAT AUTOMATIQUE,47,60146,"60146,60166,60186,60206,60226",
60147,BMW,300SL Gullwing,300SL Gullwing Export Line 6,2024,29400,classics,38500.00,https://images.unsplash.com/photo-1563720223185-11003d516935,compatible/inconclusive,AUCUN CANDIDAT AUTOMATIQUE,32,60147,"60147,60207",
60148,Volvo,TGX 18.510,TGX 18.510 Export Line 7,2018,32300,trucks,40250.00,https://images.unsplash.com/photo-1542282088-72c9c27ed0cd,unknown,CONFLIT CATEGORIE/PHOTO,69,60148,"60148,60208",; declared heavy/van/agriculture category conflicts with road-car/SUV image
60149,MAN,Lion's Coach R08,Lion's Coach R08 Export Line 8,2019,35200,buses,42000.00,https://images.unsplash.com/photo-1502877338535-766e1452684a,unknown,CONFLIT CATEGORIE/PHOTO,8,60149,"60149,60179,60209",; declared heavy/van/agriculture category conflicts with road-car/SUV image
60150,Mercedes-Benz,Crafter Transfer,Crafter Transfer Export Line 9,2020,38100,minibuses,43750.00,https://images.unsplash.com/photo-1555215695-3004980ad54e,unknown,CONFLIT CATEGORIE/PHOTO,53,60150,"60150,60180,60210",; declared heavy/van/agriculture category conflicts with road-car/SUV image
60151,Claas,933 Vario ProfiPlus,933 Vario ProfiPlus Export Line 10,2021,41000,agricultural,45500.00,https://images.unsplash.com/photo-1618843479313-40f8afb4b4d8,unknown,CONFLIT CATEGORIE/PHOTO,2,60151,"60151,60211",; declared heavy/van/agriculture category conflicts with road-car/SUV image
60152,BMW,Série 3,Série 3 Export Line 11,2022,43900,cars,47250.00,https://images.unsplash.com/photo-1603584173870-7f23fdae1b7a,compatible/inconclusive,REDONDANCE FORTE,26,30002,"30002,60142,60152,60162,60172,60182,60192,60202,60212,60222,60232",same normalized image + same declared brand/model
60153,Audi,GLE 350d,GLE 350d Export Line 12,2023,46800,suvs,49000.00,https://images.unsplash.com/photo-1541899481282-d53bffe3c35d,unknown,CONFLIT CATEGORIE/PHOTO,57,60153,"60153,60173,60193,60213,60233",; declared heavy/van/agriculture category conflicts with road-car/SUV image
60154,BMW,M4 Competition,M4 Competition Export Line 13,2024,49700,coupes,50750.00,https://images.unsplash.com/photo-1503376780353-7e6692767b70,compatible/inconclusive,AUCUN CANDIDAT AUTOMATIQUE,41,60154,"60154,60174,60194,60214,60234",
60155,MAN,TGE 3.140,TGE 3.140 Export Line 14,2018,52600,vans,52500.00,https://images.unsplash.com/photo-1583121274602-3e2820c69888,unknown,CONFLIT CATEGORIE/PHOTO,70,60155,"60155,60185,60215",; declared heavy/van/agriculture category conflicts with road-car/SUV image
60156,Audi,Taycan 4S,Taycan 4S Export Line 15,2019,55500,electric,54250.00,https://images.unsplash.com/photo-1525609004556-c46c7d6cf023,compatible/inconclusive,AUCUN CANDIDAT AUTOMATIQUE,44,60156,"60156,60176,60196,60216,60236",
60157,Mercedes-Benz,911 Turbo 3.3,911 Turbo 3.3 Export Line 16,2020,58400,classics,56000.00,https://images.unsplash.com/photo-1563720223185-11003d516935,compatible/inconclusive,AUCUN CANDIDAT AUTOMATIQUE,37,60157,"60157,60217",
60158,MAN,Arocs 3342,Arocs 3342 Export Line 17,2021,61300,trucks,57750.00,https://images.unsplash.com/photo-1542282088-72c9c27ed0cd,unknown,CONFLIT CATEGORIE/PHOTO,63,60158,"60158,60218",; declared heavy/van/agriculture category conflicts with road-car/SUV image
60159,Mercedes-Benz,Travego 15 SHD,Travego 15 SHD Export Line 18,2022,64200,buses,59500.00,https://images.unsplash.com/photo-1502877338535-766e1452684a,unknown,CONFLIT CATEGORIE/PHOTO,11,60159,"60159,60189,60219",; declared heavy/van/agriculture category conflicts with road-car/SUV image
60160,Volkswagen,Crafter Transfer,Crafter Transfer Export Line 19,2023,67100,minibuses,61250.00,https://images.unsplash.com/photo-1555215695-3004980ad54e,unknown,CONFLIT CATEGORIE/PHOTO,55,60160,"60160,60190,60220",; declared heavy/van/agriculture category conflicts with road-car/SUV image
60161,John Deere,Axion 870,Axion 870 Export Line 20,2024,70000,agricultural,63000.00,https://images.unsplash.com/photo-1618843479313-40f8afb4b4d8,unknown,CONFLIT CATEGORIE/PHOTO,6,60161,"60161,60221",; declared heavy/van/agriculture category conflicts with road-car/SUV image
60162,BMW,Série 3,Série 3 Export Line 21,2018,72900,cars,64750.00,https://images.unsplash.com/photo-1603584173870-7f23fdae1b7a,compatible/inconclusive,REDONDANCE FORTE,26,30002,"30002,60142,60152,60162,60172,60182,60192,60202,60212,60222,60232",same normalized image + same declared brand/model
60163,Audi,Q7 50 TDI,Q7 50 TDI Export Line 22,2019,75800,suvs,66500.00,https://images.unsplash.com/photo-1541899481282-d53bffe3c35d,unknown,CONFLIT + REDONDANCE FORTE,60,60143,"60143,60163,60183,60203,60223",same normalized image + same declared brand/model; declared heavy/van/agriculture category conflicts with road-car/SUV image
60164,Audi,RS5 Coupé,RS5 Coupé Export Line 23,2020,78700,coupes,68250.00,https://images.unsplash.com/photo-1503376780353-7e6692767b70,compatible/inconclusive,REDONDANCE FORTE,40,60144,"60144,60164,60184,60204,60224",same normalized image + same declared brand/model
60165,Mercedes-Benz,Sprinter 316 CDI,Sprinter 316 CDI Export Line 24,2021,81600,vans,70000.00,https://images.unsplash.com/photo-1583121274602-3e2820c69888,unknown,CONFLIT CATEGORIE/PHOTO,72,60165,"60165,60195,60225",; declared heavy/van/agriculture category conflicts with road-car/SUV image
60166,Audi,i4 M50,i4 M50 Export Line 25,2022,84500,electric,71750.00,https://images.unsplash.com/photo-1525609004556-c46c7d6cf023,compatible/inconclusive,REDONDANCE FORTE,47,60146,"60146,60166,60186,60206,60226",same normalized image + same declared brand/model
60167,BMW,2000CS,2000CS Export Line 26,2023,87400,classics,73500.00,https://images.unsplash.com/photo-1563720223185-11003d516935,compatible/inconclusive,AUCUN CANDIDAT AUTOMATIQUE,31,60167,"60167,60227",
60168,Volvo,Actros 1845 LS,Actros 1845 LS Export Line 27,2024,90300,trucks,75250.00,https://images.unsplash.com/photo-1542282088-72c9c27ed0cd,unknown,CONFLIT CATEGORIE/PHOTO,66,60168,"60168,60228",; declared heavy/van/agriculture category conflicts with road-car/SUV image
60169,Setra,Tourismo M,Tourismo M Export Line 28,2018,93200,buses,77000.00,https://images.unsplash.com/photo-1502877338535-766e1452684a,unknown,CONFLIT CATEGORIE/PHOTO,22,60169,"60169,60199,60229",; declared heavy/van/agriculture category conflicts with road-car/SUV image
60170,Ford,Crafter Transfer,Crafter Transfer Export Line 29,2019,96100,minibuses,78750.00,https://images.unsplash.com/photo-1555215695-3004980ad54e,unknown,CONFLIT CATEGORIE/PHOTO,51,60170,"60170,60200,60230",; declared heavy/van/agriculture category conflicts with road-car/SUV image
60171,Claas,8R 410,8R 410 Export Line 30,2020,99000,agricultural,80500.00,https://images.unsplash.com/photo-1618843479313-40f8afb4b4d8,unknown,CONFLIT CATEGORIE/PHOTO,1,60171,"60171,60231",; declared heavy/van/agriculture category conflicts with road-car/SUV image
60172,BMW,Série 3,Série 3 Export Line 31,2021,101900,cars,82250.00,https://images.unsplash.com/photo-1603584173870-7f23fdae1b7a,compatible/inconclusive,REDONDANCE FORTE,26,30002,"30002,60142,60152,60162,60172,60182,60192,60202,60212,60222,60232",same normalized image + same declared brand/model
60173,Audi,GLE 350d,GLE 350d Export Line 32,2022,104800,suvs,84000.00,https://images.unsplash.com/photo-1541899481282-d53bffe3c35d,unknown,CONFLIT + REDONDANCE FORTE,57,60153,"60153,60173,60193,60213,60233",same normalized image + same declared brand/model; declared heavy/van/agriculture category conflicts with road-car/SUV image
60174,BMW,M4 Competition,M4 Competition Export Line 33,2023,107700,coupes,85750.00,https://images.unsplash.com/photo-1503376780353-7e6692767b70,compatible/inconclusive,REDONDANCE FORTE,41,60154,"60154,60174,60194,60214,60234",same normalized image + same declared brand/model
60175,Volkswagen,Crafter 35,Crafter 35 Export Line 34,2024,110600,vans,87500.00,https://images.unsplash.com/photo-1583121274602-3e2820c69888,unknown,CONFLIT + REDONDANCE FORTE,74,60145,"60145,60175,60205,60235",same normalized image + same declared brand/model; declared heavy/van/agriculture category conflicts with road-car/SUV image
60176,Audi,Taycan 4S,Taycan 4S Export Line 35,2018,113500,electric,89250.00,https://images.unsplash.com/photo-1525609004556-c46c7d6cf023,compatible/inconclusive,REDONDANCE FORTE,44,60156,"60156,60176,60196,60216,60236",same normalized image + same declared brand/model
60177,Mercedes-Benz,300SL Gullwing,300SL Gullwing Export Line 36,2019,116400,classics,91000.00,https://images.unsplash.com/photo-1563720223185-11003d516935,compatible/inconclusive,AUCUN CANDIDAT AUTOMATIQUE,,,,
60178,MAN,TGX 18.510,TGX 18.510 Export Line 37,2020,119300,trucks,92750.00,https://images.unsplash.com/photo-1542282088-72c9c27ed0cd,unknown,CONFLIT CATEGORIE/PHOTO,,,,; declared heavy/van/agriculture category conflicts with road-car/SUV image
60179,MAN,Lion's Coach R08,Lion's Coach R08 Export Line 38,2021,12200,buses,94500.00,https://images.unsplash.com/photo-1502877338535-766e1452684a,unknown,CONFLIT + REDONDANCE FORTE,8,60149,"60149,60179,60209",same normalized image + same declared brand/model; declared heavy/van/agriculture category conflicts with road-car/SUV image
60180,Mercedes-Benz,Crafter Transfer,Crafter Transfer Export Line 39,2022,15100,minibuses,96250.00,https://images.unsplash.com/photo-1555215695-3004980ad54e,unknown,CONFLIT + REDONDANCE FORTE,53,60150,"60150,60180,60210",same normalized image + same declared brand/model; declared heavy/van/agriculture category conflicts with road-car/SUV image
60181,John Deere,933 Vario ProfiPlus,933 Vario ProfiPlus Export Line 40,2023,18000,agricultural,98000.00,https://images.unsplash.com/photo-1618843479313-40f8afb4b4d8,unknown,CONFLIT CATEGORIE/PHOTO,,,,; declared heavy/van/agriculture category conflicts with road-car/SUV image
60182,BMW,Série 3,Série 3 Export Line 41,2024,20900,cars,99750.00,https://images.unsplash.com/photo-1603584173870-7f23fdae1b7a,compatible/inconclusive,REDONDANCE FORTE,26,30002,"30002,60142,60152,60162,60172,60182,60192,60202,60212,60222,60232",same normalized image + same declared brand/model
60183,Audi,Q7 50 TDI,Q7 50 TDI Export Line 42,2018,23800,suvs,101500.00,https://images.unsplash.com/photo-1541899481282-d53bffe3c35d,unknown,CONFLIT + REDONDANCE FORTE,60,60143,"60143,60163,60183,60203,60223",same normalized image + same declared brand/model; declared heavy/van/agriculture category conflicts with road-car/SUV image
60184,Audi,RS5 Coupé,RS5 Coupé Export Line 43,2019,26700,coupes,103250.00,https://images.unsplash.com/photo-1503376780353-7e6692767b70,compatible/inconclusive,REDONDANCE FORTE,40,60144,"60144,60164,60184,60204,60224",same normalized image + same declared brand/model
60185,MAN,TGE 3.140,TGE 3.140 Export Line 44,2020,29600,vans,105000.00,https://images.unsplash.com/photo-1583121274602-3e2820c69888,unknown,CONFLIT + REDONDANCE FORTE,70,60155,"60155,60185,60215",same normalized image + same declared brand/model; declared heavy/van/agriculture category conflicts with road-car/SUV image
60186,Audi,i4 M50,i4 M50 Export Line 45,2021,32500,electric,106750.00,https://images.unsplash.com/photo-1525609004556-c46c7d6cf023,compatible/inconclusive,REDONDANCE FORTE,47,60146,"60146,60166,60186,60206,60226",same normalized image + same declared brand/model
60187,BMW,911 Turbo 3.3,911 Turbo 3.3 Export Line 46,2022,35400,classics,108500.00,https://images.unsplash.com/photo-1563720223185-11003d516935,compatible/inconclusive,AUCUN CANDIDAT AUTOMATIQUE,,,,
60188,Volvo,Arocs 3342,Arocs 3342 Export Line 47,2023,38300,trucks,110250.00,https://images.unsplash.com/photo-1542282088-72c9c27ed0cd,unknown,CONFLIT CATEGORIE/PHOTO,,,,; declared heavy/van/agriculture category conflicts with road-car/SUV image
60189,Mercedes-Benz,Travego 15 SHD,Travego 15 SHD Export Line 48,2024,41200,buses,112000.00,https://images.unsplash.com/photo-1502877338535-766e1452684a,unknown,CONFLIT + REDONDANCE FORTE,11,60159,"60159,60189,60219",same normalized image + same declared brand/model; declared heavy/van/agriculture category conflicts with road-car/SUV image
60190,Volkswagen,Crafter Transfer,Crafter Transfer Export Line 49,2018,44100,minibuses,113750.00,https://images.unsplash.com/photo-1555215695-3004980ad54e,unknown,CONFLIT + REDONDANCE FORTE,55,60160,"60160,60190,60220",same normalized image + same declared brand/model; declared heavy/van/agriculture category conflicts with road-car/SUV image
60191,Claas,Axion 870,Axion 870 Export Line 50,2019,47000,agricultural,115500.00,https://images.unsplash.com/photo-1618843479313-40f8afb4b4d8,unknown,CONFLIT CATEGORIE/PHOTO,,,,; declared heavy/van/agriculture category conflicts with road-car/SUV image
60192,BMW,Série 3,Série 3 Export Line 51,2020,49900,cars,117250.00,https://images.unsplash.com/photo-1603584173870-7f23fdae1b7a,compatible/inconclusive,REDONDANCE FORTE,26,30002,"30002,60142,60152,60162,60172,60182,60192,60202,60212,60222,60232",same normalized image + same declared brand/model
60193,Audi,GLE 350d,GLE 350d Export Line 52,2021,52800,suvs,119000.00,https://images.unsplash.com/photo-1541899481282-d53bffe3c35d,unknown,CONFLIT + REDONDANCE FORTE,57,60153,"60153,60173,60193,60213,60233",same normalized image + same declared brand/model; declared heavy/van/agriculture category conflicts with road-car/SUV image
60194,BMW,M4 Competition,M4 Competition Export Line 53,2022,55700,coupes,120750.00,https://images.unsplash.com/photo-1503376780353-7e6692767b70,compatible/inconclusive,REDONDANCE FORTE,41,60154,"60154,60174,60194,60214,60234",same normalized image + same declared brand/model
60195,Mercedes-Benz,Sprinter 316 CDI,Sprinter 316 CDI Export Line 54,2023,58600,vans,122500.00,https://images.unsplash.com/photo-1583121274602-3e2820c69888,unknown,CONFLIT + REDONDANCE FORTE,72,60165,"60165,60195,60225",same normalized image + same declared brand/model; declared heavy/van/agriculture category conflicts with road-car/SUV image
60196,Audi,Taycan 4S,Taycan 4S Export Line 55,2024,61500,electric,124250.00,https://images.unsplash.com/photo-1525609004556-c46c7d6cf023,compatible/inconclusive,REDONDANCE FORTE,44,60156,"60156,60176,60196,60216,60236",same normalized image + same declared brand/model
60197,Mercedes-Benz,2000CS,2000CS Export Line 56,2018,64400,classics,126000.00,https://images.unsplash.com/photo-1563720223185-11003d516935,compatible/inconclusive,AUCUN CANDIDAT AUTOMATIQUE,,,,
60198,MAN,Actros 1845 LS,Actros 1845 LS Export Line 57,2019,67300,trucks,127750.00,https://images.unsplash.com/photo-1542282088-72c9c27ed0cd,unknown,CONFLIT CATEGORIE/PHOTO,,,,; declared heavy/van/agriculture category conflicts with road-car/SUV image
60199,Setra,Tourismo M,Tourismo M Export Line 58,2020,70200,buses,129500.00,https://images.unsplash.com/photo-1502877338535-766e1452684a,unknown,CONFLIT + REDONDANCE FORTE,22,60169,"60169,60199,60229",same normalized image + same declared brand/model; declared heavy/van/agriculture category conflicts with road-car/SUV image
60200,Ford,Crafter Transfer,Crafter Transfer Export Line 59,2021,73100,minibuses,131250.00,https://images.unsplash.com/photo-1555215695-3004980ad54e,unknown,CONFLIT + REDONDANCE FORTE,51,60170,"60170,60200,60230",same normalized image + same declared brand/model; declared heavy/van/agriculture category conflicts with road-car/SUV image
60201,John Deere,8R 410,8R 410 Export Line 60,2022,76000,agricultural,133000.00,https://images.unsplash.com/photo-1618843479313-40f8afb4b4d8,unknown,CONFLIT CATEGORIE/PHOTO,,,,; declared heavy/van/agriculture category conflicts with road-car/SUV image
60202,BMW,Série 3,Série 3 Export Line 61,2023,78900,cars,134750.00,https://images.unsplash.com/photo-1603584173870-7f23fdae1b7a,compatible/inconclusive,REDONDANCE FORTE,26,30002,"30002,60142,60152,60162,60172,60182,60192,60202,60212,60222,60232",same normalized image + same declared brand/model
60203,Audi,Q7 50 TDI,Q7 50 TDI Export Line 62,2024,81800,suvs,136500.00,https://images.unsplash.com/photo-1541899481282-d53bffe3c35d,unknown,CONFLIT + REDONDANCE FORTE,60,60143,"60143,60163,60183,60203,60223",same normalized image + same declared brand/model; declared heavy/van/agriculture category conflicts with road-car/SUV image
60204,Audi,RS5 Coupé,RS5 Coupé Export Line 63,2018,84700,coupes,138250.00,https://images.unsplash.com/photo-1503376780353-7e6692767b70,compatible/inconclusive,REDONDANCE FORTE,40,60144,"60144,60164,60184,60204,60224",same normalized image + same declared brand/model
60205,Volkswagen,Crafter 35,Crafter 35 Export Line 64,2019,87600,vans,140000.00,https://images.unsplash.com/photo-1583121274602-3e2820c69888,unknown,CONFLIT + REDONDANCE FORTE,74,60145,"60145,60175,60205,60235",same normalized image + same declared brand/model; declared heavy/van/agriculture category conflicts with road-car/SUV image
60206,Audi,i4 M50,i4 M50 Export Line 65,2020,90500,electric,141750.00,https://images.unsplash.com/photo-1525609004556-c46c7d6cf023,compatible/inconclusive,REDONDANCE FORTE,47,60146,"60146,60166,60186,60206,60226",same normalized image + same declared brand/model
60207,BMW,300SL Gullwing,300SL Gullwing Export Line 66,2021,93400,classics,143500.00,https://images.unsplash.com/photo-1563720223185-11003d516935,compatible/inconclusive,REDONDANCE FORTE,32,60147,"60147,60207",same normalized image + same declared brand/model
60208,Volvo,TGX 18.510,TGX 18.510 Export Line 67,2022,96300,trucks,145250.00,https://images.unsplash.com/photo-1542282088-72c9c27ed0cd,unknown,CONFLIT + REDONDANCE FORTE,69,60148,"60148,60208",same normalized image + same declared brand/model; declared heavy/van/agriculture category conflicts with road-car/SUV image
60209,MAN,Lion's Coach R08,Lion's Coach R08 Export Line 68,2023,99200,buses,147000.00,https://images.unsplash.com/photo-1502877338535-766e1452684a,unknown,CONFLIT + REDONDANCE FORTE,8,60149,"60149,60179,60209",same normalized image + same declared brand/model; declared heavy/van/agriculture category conflicts with road-car/SUV image
60210,Mercedes-Benz,Crafter Transfer,Crafter Transfer Export Line 69,2024,102100,minibuses,148750.00,https://images.unsplash.com/photo-1555215695-3004980ad54e,unknown,CONFLIT + REDONDANCE FORTE,53,60150,"60150,60180,60210",same normalized image + same declared brand/model; declared heavy/van/agriculture category conflicts with road-car/SUV image
60211,Claas,933 Vario ProfiPlus,933 Vario ProfiPlus Export Line 70,2018,105000,agricultural,150500.00,https://images.unsplash.com/photo-1618843479313-40f8afb4b4d8,unknown,CONFLIT + REDONDANCE FORTE,2,60151,"60151,60211",same normalized image + same declared brand/model; declared heavy/van/agriculture category conflicts with road-car/SUV image
60212,BMW,Série 3,Série 3 Export Line 71,2019,107900,cars,152250.00,https://images.unsplash.com/photo-1603584173870-7f23fdae1b7a,compatible/inconclusive,REDONDANCE FORTE,26,30002,"30002,60142,60152,60162,60172,60182,60192,60202,60212,60222,60232",same normalized image + same declared brand/model
60213,Audi,GLE 350d,GLE 350d Export Line 72,2020,110800,suvs,154000.00,https://images.unsplash.com/photo-1541899481282-d53bffe3c35d,unknown,CONFLIT + REDONDANCE FORTE,57,60153,"60153,60173,60193,60213,60233",same normalized image + same declared brand/model; declared heavy/van/agriculture category conflicts with road-car/SUV image
60214,BMW,M4 Competition,M4 Competition Export Line 73,2021,113700,coupes,155750.00,https://images.unsplash.com/photo-1503376780353-7e6692767b70,compatible/inconclusive,REDONDANCE FORTE,41,60154,"60154,60174,60194,60214,60234",same normalized image + same declared brand/model
60215,MAN,TGE 3.140,TGE 3.140 Export Line 74,2022,116600,vans,157500.00,https://images.unsplash.com/photo-1583121274602-3e2820c69888,unknown,CONFLIT + REDONDANCE FORTE,70,60155,"60155,60185,60215",same normalized image + same declared brand/model; declared heavy/van/agriculture category conflicts with road-car/SUV image
60216,Audi,Taycan 4S,Taycan 4S Export Line 75,2023,119500,electric,159250.00,https://images.unsplash.com/photo-1525609004556-c46c7d6cf023,compatible/inconclusive,REDONDANCE FORTE,44,60156,"60156,60176,60196,60216,60236",same normalized image + same declared brand/model
60217,Mercedes-Benz,911 Turbo 3.3,911 Turbo 3.3 Export Line 76,2024,12400,classics,161000.00,https://images.unsplash.com/photo-1563720223185-11003d516935,compatible/inconclusive,REDONDANCE FORTE,37,60157,"60157,60217",same normalized image + same declared brand/model
60218,MAN,Arocs 3342,Arocs 3342 Export Line 77,2018,15300,trucks,162750.00,https://images.unsplash.com/photo-1542282088-72c9c27ed0cd,unknown,CONFLIT + REDONDANCE FORTE,63,60158,"60158,60218",same normalized image + same declared brand/model; declared heavy/van/agriculture category conflicts with road-car/SUV image
60219,Mercedes-Benz,Travego 15 SHD,Travego 15 SHD Export Line 78,2019,18200,buses,164500.00,https://images.unsplash.com/photo-1502877338535-766e1452684a,unknown,CONFLIT + REDONDANCE FORTE,11,60159,"60159,60189,60219",same normalized image + same declared brand/model; declared heavy/van/agriculture category conflicts with road-car/SUV image
60220,Volkswagen,Crafter Transfer,Crafter Transfer Export Line 79,2020,21100,minibuses,166250.00,https://images.unsplash.com/photo-1555215695-3004980ad54e,unknown,CONFLIT + REDONDANCE FORTE,55,60160,"60160,60190,60220",same normalized image + same declared brand/model; declared heavy/van/agriculture category conflicts with road-car/SUV image
60221,John Deere,Axion 870,Axion 870 Export Line 80,2021,24000,agricultural,168000.00,https://images.unsplash.com/photo-1618843479313-40f8afb4b4d8,unknown,CONFLIT + REDONDANCE FORTE,6,60161,"60161,60221",same normalized image + same declared brand/model; declared heavy/van/agriculture category conflicts with road-car/SUV image
60222,BMW,Série 3,Série 3 Export Line 81,2022,26900,cars,169750.00,https://images.unsplash.com/photo-1603584173870-7f23fdae1b7a,compatible/inconclusive,REDONDANCE FORTE,26,30002,"30002,60142,60152,60162,60172,60182,60192,60202,60212,60222,60232",same normalized image + same declared brand/model
60223,Audi,Q7 50 TDI,Q7 50 TDI Export Line 82,2023,29800,suvs,171500.00,https://images.unsplash.com/photo-1541899481282-d53bffe3c35d,unknown,CONFLIT + REDONDANCE FORTE,60,60143,"60143,60163,60183,60203,60223",same normalized image + same declared brand/model; declared heavy/van/agriculture category conflicts with road-car/SUV image
60224,Audi,RS5 Coupé,RS5 Coupé Export Line 83,2024,32700,coupes,173250.00,https://images.unsplash.com/photo-1503376780353-7e6692767b70,compatible/inconclusive,REDONDANCE FORTE,40,60144,"60144,60164,60184,60204,60224",same normalized image + same declared brand/model
60225,Mercedes-Benz,Sprinter 316 CDI,Sprinter 316 CDI Export Line 84,2018,35600,vans,175000.00,https://images.unsplash.com/photo-1583121274602-3e2820c69888,unknown,CONFLIT + REDONDANCE FORTE,72,60165,"60165,60195,60225",same normalized image + same declared brand/model; declared heavy/van/agriculture category conflicts with road-car/SUV image
60226,Audi,i4 M50,i4 M50 Export Line 85,2019,38500,electric,176750.00,https://images.unsplash.com/photo-1525609004556-c46c7d6cf023,compatible/inconclusive,REDONDANCE FORTE,47,60146,"60146,60166,60186,60206,60226",same normalized image + same declared brand/model
60227,BMW,2000CS,2000CS Export Line 86,2020,41400,classics,178500.00,https://images.unsplash.com/photo-1563720223185-11003d516935,compatible/inconclusive,REDONDANCE FORTE,31,60167,"60167,60227",same normalized image + same declared brand/model
60228,Volvo,Actros 1845 LS,Actros 1845 LS Export Line 87,2021,44300,trucks,180250.00,https://images.unsplash.com/photo-1542282088-72c9c27ed0cd,unknown,CONFLIT + REDONDANCE FORTE,66,60168,"60168,60228",same normalized image + same declared brand/model; declared heavy/van/agriculture category conflicts with road-car/SUV image
60229,Setra,Tourismo M,Tourismo M Export Line 88,2022,47200,buses,182000.00,https://images.unsplash.com/photo-1502877338535-766e1452684a,unknown,CONFLIT + REDONDANCE FORTE,22,60169,"60169,60199,60229",same normalized image + same declared brand/model; declared heavy/van/agriculture category conflicts with road-car/SUV image
60230,Ford,Crafter Transfer,Crafter Transfer Export Line 89,2023,50100,minibuses,183750.00,https://images.unsplash.com/photo-1555215695-3004980ad54e,unknown,CONFLIT + REDONDANCE FORTE,51,60170,"60170,60200,60230",same normalized image + same declared brand/model; declared heavy/van/agriculture category conflicts with road-car/SUV image
60231,Claas,8R 410,8R 410 Export Line 90,2024,53000,agricultural,185500.00,https://images.unsplash.com/photo-1618843479313-40f8afb4b4d8,unknown,CONFLIT + REDONDANCE FORTE,1,60171,"60171,60231",same normalized image + same declared brand/model; declared heavy/van/agriculture category conflicts with road-car/SUV image
60232,BMW,Série 3,Série 3 Export Line 91,2018,55900,cars,187250.00,https://images.unsplash.com/photo-1603584173870-7f23fdae1b7a,compatible/inconclusive,REDONDANCE FORTE,26,30002,"30002,60142,60152,60162,60172,60182,60192,60202,60212,60222,60232",same normalized image + same declared brand/model
60233,Audi,GLE 350d,GLE 350d Export Line 92,2019,58800,suvs,29000.00,https://images.unsplash.com/photo-1541899481282-d53bffe3c35d,unknown,CONFLIT + REDONDANCE FORTE,57,60153,"60153,60173,60193,60213,60233",same normalized image + same declared brand/model; declared heavy/van/agriculture category conflicts with road-car/SUV image
60234,BMW,M4 Competition,M4 Competition Export Line 93,2020,61700,coupes,30750.00,https://images.unsplash.com/photo-1503376780353-7e6692767b70,compatible/inconclusive,REDONDANCE FORTE,41,60154,"60154,60174,60194,60214,60234",same normalized image + same declared brand/model
60235,Volkswagen,Crafter 35,Crafter 35 Export Line 94,2021,64600,vans,32500.00,https://images.unsplash.com/photo-1583121274602-3e2820c69888,unknown,CONFLIT + REDONDANCE FORTE,74,60145,"60145,60175,60205,60235",same normalized image + same declared brand/model; declared heavy/van/agriculture category conflicts with road-car/SUV image
60236,Audi,Taycan 4S,Taycan 4S Export Line 95,2022,67500,electric,34250.00,https://images.unsplash.com/photo-1525609004556-c46c7d6cf023,compatible/inconclusive,REDONDANCE FORTE,44,60156,"60156,60176,60196,60216,60236",same normalized image + same declared brand/model
90001,Volkswagen,Golf VIII R,2.0 TSI R 4Motion DSG,2023,12500,cars,50575.00,https://images.unsplash.com/photo-1618843479313-40f8afb4b4d8,compatible/inconclusive,AUCUN CANDIDAT AUTOMATIQUE,28,90001,"90001,90011",
90002,Volkswagen,Golf VII R,2.0 TSI R Custom Neon,2019,48000,cars,35462.00,https://images.unsplash.com/photo-1603584173870-7f23fdae1b7a,compatible/inconclusive,AUCUN CANDIDAT AUTOMATIQUE,,,,
90003,Volkswagen,Golf VII R,2.0 TSI R Stealth Edition,2020,39500,cars,38675.00,https://images.unsplash.com/photo-1541899481282-d53bffe3c35d,compatible/inconclusive,AUCUN CANDIDAT AUTOMATIQUE,,,,
90004,Volkswagen,Golf VII.5 GTI,2.0 TSI GTI Performance Nardo,2021,28000,cars,36890.00,https://images.unsplash.com/photo-1503376780353-7e6692767b70,compatible/inconclusive,AUCUN CANDIDAT AUTOMATIQUE,,,,
90005,Volkswagen,Golf VIII R,2.0 TSI R Miami Blue,2023,14200,cars,52360.00,https://images.unsplash.com/photo-1583121274602-3e2820c69888,compatible/inconclusive,AUCUN CANDIDAT AUTOMATIQUE,29,90005,"90005,120005",
90006,Volkswagen,Golf VIII GTI Clubsport,2.0 TSI Clubsport Pure White,2023,9800,cars,47481.00,https://images.unsplash.com/photo-1525609004556-c46c7d6cf023,compatible/inconclusive,AUCUN CANDIDAT AUTOMATIQUE,,,,
90007,Volkswagen,Golf VII R,2.0 TSI R Turmeric Yellow,2018,62000,cars,31535.00,https://images.unsplash.com/photo-1563720223185-11003d516935,compatible/inconclusive,AUCUN CANDIDAT AUTOMATIQUE,,,,
90008,Volkswagen,Golf VIII R,2.0 TSI R 'Edition 333',2024,3500,cars,61880.00,https://images.unsplash.com/photo-1542282088-72c9c27ed0cd,compatible/inconclusive,AUCUN CANDIDAT AUTOMATIQUE,,,,
90009,Volkswagen,Golf VII.5 R,2.0 TSI R Estate / Variant Olive,2020,41000,cars,37485.00,https://images.unsplash.com/photo-1502877338535-766e1452684a,compatible/inconclusive,AUCUN CANDIDAT AUTOMATIQUE,,,,
90010,Volkswagen,Golf VIII GTI,2.0 TSI GTI Pure White,2022,22000,cars,39865.00,https://images.unsplash.com/photo-1555215695-3004980ad54e,compatible/inconclusive,AUCUN CANDIDAT AUTOMATIQUE,,,,
90011,Volkswagen,Golf VIII R,2.0 TSI R Midnight Black,2023,11000,cars,51408.00,https://images.unsplash.com/photo-1618843479313-40f8afb4b4d8,compatible/inconclusive,REDONDANCE FORTE,28,90001,"90001,90011",same normalized image + same declared brand/model
120001,Volkswagen,Tiguan,2.0 TSI R-Line Black Style DSG,2023,18900,suvs,46900.00,https://images.unsplash.com/photo-1618843479313-40f8afb4b4d8,unknown,CONFLIT CATEGORIE/PHOTO,,,,; declared heavy/van/agriculture category conflicts with road-car/SUV image
120002,Volkswagen,Tiguan,2.0 TDI Elegance 4Motion DSG,2022,32700,suvs,38900.00,https://images.unsplash.com/photo-1603584173870-7f23fdae1b7a,unknown,CONFLIT CATEGORIE/PHOTO,,,,; declared heavy/van/agriculture category conflicts with road-car/SUV image
120003,Volkswagen,Tiguan,2.0 TDI R-Line DSG IQ.Light,2024,8700,suvs,52900.00,https://images.unsplash.com/photo-1541899481282-d53bffe3c35d,unknown,CONFLIT CATEGORIE/PHOTO,,,,; declared heavy/van/agriculture category conflicts with road-car/SUV image
120004,Volkswagen,Tiguan,2.0 TSI R-Line Edition DSG,2023,21400,suvs,44900.00,https://images.unsplash.com/photo-1503376780353-7e6692767b70,unknown,CONFLIT CATEGORIE/PHOTO,,,,; declared heavy/van/agriculture category conflicts with road-car/SUV image
120005,Volkswagen,Golf VIII R,2.0 TSI R Performance White Edition,2023,16400,cars,47900.00,https://images.unsplash.com/photo-1583121274602-3e2820c69888,compatible/inconclusive,REDONDANCE FORTE,29,90005,"90005,120005",same normalized image + same declared brand/model
120006,Volkswagen,Golf VIII,1.5 eTSI R-Line DSG Urban Grey,2022,27600,cars,28900.00,https://images.unsplash.com/photo-1525609004556-c46c7d6cf023,compatible/inconclusive,AUCUN CANDIDAT AUTOMATIQUE,,,,
120007,Volkswagen,Golf VII GTI,2.0 TSI GTI Performance Clubsport Look,2019,53800,cars,24900.00,https://images.unsplash.com/photo-1563720223185-11003d516935,compatible/inconclusive,AUCUN CANDIDAT AUTOMATIQUE,,,,
120008,Volkswagen,Golf VIII GTI,2.0 TSI GTI Clubsport White Pack,2022,22100,cars,35900.00,https://images.unsplash.com/photo-1542282088-72c9c27ed0cd,compatible/inconclusive,AUCUN CANDIDAT AUTOMATIQUE,,,,
120009,Volkswagen,Golf VIII GTI,2.0 TSI GTI Performance White Edition,2021,34800,cars,31900.00,https://images.unsplash.com/photo-1502877338535-766e1452684a,compatible/inconclusive,AUCUN CANDIDAT AUTOMATIQUE,,,,
150001,Mercedes-Benz / Setra,Mercedes-Benz Tourismo,Mercedes-Benz Tourismo 16 RHD Euro VI - Édition 2026,2019,45000,buses,145000.00,https://images.unsplash.com/photo-1618843479313-40f8afb4b4d8,unknown,CONFLIT CATEGORIE/PHOTO,16,150001,"150001,150011,150021,150031",; declared heavy/van/agriculture category conflicts with road-car/SUV image
150002,Mercedes-Benz / Setra,Mercedes-Benz Citaro,Mercedes-Benz Citaro K Hybrid Euro VI - Édition 2025,2020,57500,buses,149300.00,https://images.unsplash.com/photo-1603584173870-7f23fdae1b7a,unknown,CONFLIT CATEGORIE/PHOTO,14,150002,"150002,150012,150022,150032",; declared heavy/van/agriculture category conflicts with road-car/SUV image
150003,Mercedes-Benz / Setra,Mercedes-Benz Intouro,Mercedes-Benz Intouro M Euro VI - Édition 2024,2021,70000,buses,153600.00,https://images.unsplash.com/photo-1541899481282-d53bffe3c35d,unknown,CONFLIT CATEGORIE/PHOTO,15,150003,"150003,150013,150023,150033",; declared heavy/van/agriculture category conflicts with road-car/SUV image
150004,Mercedes-Benz / Setra,Setra S,Setra S 515 HD Euro VI - Édition 2023,2022,82500,buses,157900.00,https://images.unsplash.com/photo-1503376780353-7e6692767b70,unknown,CONFLIT CATEGORIE/PHOTO,19,150004,"150004,150014,150024,150034",; declared heavy/van/agriculture category conflicts with road-car/SUV image
150005,Mercedes-Benz / Setra,MAN Lion's,MAN Lion's Coach L Euro VI - Édition 2022,2023,95000,buses,162200.00,https://images.unsplash.com/photo-1583121274602-3e2820c69888,unknown,CONFLIT CATEGORIE/PHOTO,13,150005,"150005,150015,150025,150035",; declared heavy/van/agriculture category conflicts with road-car/SUV image
150006,Mercedes-Benz / Setra,Neoplan Tourliner,Neoplan Tourliner C Euro VI - Édition 2021,2024,107500,buses,166500.00,https://images.unsplash.com/photo-1525609004556-c46c7d6cf023,unknown,CONFLIT CATEGORIE/PHOTO,17,150006,"150006,150016,150026,150036",; declared heavy/van/agriculture category conflicts with road-car/SUV image
150007,Mercedes-Benz / Setra,Scania Interlink,Scania Interlink HD Euro VI - Édition 2020,2019,120000,buses,170800.00,https://images.unsplash.com/photo-1563720223185-11003d516935,unknown,CONFLIT CATEGORIE/PHOTO,18,150007,"150007,150017,150027,150037",; declared heavy/van/agriculture category conflicts with road-car/SUV image
150008,Mercedes-Benz / Setra,Volvo 9700,Volvo 9700 Grand Luxe Euro VI - Édition 2019,2020,132500,buses,175100.00,https://images.unsplash.com/photo-1542282088-72c9c27ed0cd,unknown,CONFLIT CATEGORIE/PHOTO,21,150008,"150008,150018,150028,150038",; declared heavy/van/agriculture category conflicts with road-car/SUV image
150009,Mercedes-Benz / Setra,Iveco Crossway,Iveco Crossway Line Euro VI - Édition 2018,2021,145000,buses,179400.00,https://images.unsplash.com/photo-1502877338535-766e1452684a,unknown,CONFLIT CATEGORIE/PHOTO,12,150009,"150009,150019,150029",; declared heavy/van/agriculture category conflicts with road-car/SUV image
150010,Mercedes-Benz / Setra,VDD Futura,VDD Futura FPD2 Euro VI - Édition 2017,2022,157500,buses,183700.00,https://images.unsplash.com/photo-1555215695-3004980ad54e,unknown,CONFLIT CATEGORIE/PHOTO,20,150010,"150010,150020,150030",; declared heavy/van/agriculture category conflicts with road-car/SUV image
150011,Mercedes-Benz / Setra,Mercedes-Benz Tourismo,Mercedes-Benz Tourismo 16 RHD Euro VI - Édition 2016,2023,170000,buses,188000.00,https://images.unsplash.com/photo-1618843479313-40f8afb4b4d8,unknown,CONFLIT + REDONDANCE FORTE,16,150001,"150001,150011,150021,150031",same normalized image + same declared brand/model; declared heavy/van/agriculture category conflicts with road-car/SUV image
150012,Mercedes-Benz / Setra,Mercedes-Benz Citaro,Mercedes-Benz Citaro K Hybrid Euro VI - Édition 2015,2024,182500,buses,192300.00,https://images.unsplash.com/photo-1603584173870-7f23fdae1b7a,unknown,CONFLIT + REDONDANCE FORTE,14,150002,"150002,150012,150022,150032",same normalized image + same declared brand/model; declared heavy/van/agriculture category conflicts with road-car/SUV image
150013,Mercedes-Benz / Setra,Mercedes-Benz Intouro,Mercedes-Benz Intouro M Euro VI - Édition 2014,2019,195000,buses,196600.00,https://images.unsplash.com/photo-1541899481282-d53bffe3c35d,unknown,CONFLIT + REDONDANCE FORTE,15,150003,"150003,150013,150023,150033",same normalized image + same declared brand/model; declared heavy/van/agriculture category conflicts with road-car/SUV image
150014,Mercedes-Benz / Setra,Setra S,Setra S 515 HD Euro VI - Édition 2013,2020,207500,buses,200900.00,https://images.unsplash.com/photo-1503376780353-7e6692767b70,unknown,CONFLIT + REDONDANCE FORTE,19,150004,"150004,150014,150024,150034",same normalized image + same declared brand/model; declared heavy/van/agriculture category conflicts with road-car/SUV image
150015,Mercedes-Benz / Setra,MAN Lion's,MAN Lion's Coach L Euro VI - Édition 2012,2021,220000,buses,205200.00,https://images.unsplash.com/photo-1583121274602-3e2820c69888,unknown,CONFLIT + REDONDANCE FORTE,13,150005,"150005,150015,150025,150035",same normalized image + same declared brand/model; declared heavy/van/agriculture category conflicts with road-car/SUV image
150016,Mercedes-Benz / Setra,Neoplan Tourliner,Neoplan Tourliner C Euro VI - Édition 2011,2022,232500,buses,209500.00,https://images.unsplash.com/photo-1525609004556-c46c7d6cf023,unknown,CONFLIT + REDONDANCE FORTE,17,150006,"150006,150016,150026,150036",same normalized image + same declared brand/model; declared heavy/van/agriculture category conflicts with road-car/SUV image
150017,Mercedes-Benz / Setra,Scania Interlink,Scania Interlink HD Euro VI - Édition 2010,2023,245000,buses,213800.00,https://images.unsplash.com/photo-1563720223185-11003d516935,unknown,CONFLIT + REDONDANCE FORTE,18,150007,"150007,150017,150027,150037",same normalized image + same declared brand/model; declared heavy/van/agriculture category conflicts with road-car/SUV image
150018,Mercedes-Benz / Setra,Volvo 9700,Volvo 9700 Grand Luxe Euro VI - Édition 2009,2024,257500,buses,218100.00,https://images.unsplash.com/photo-1542282088-72c9c27ed0cd,unknown,CONFLIT + REDONDANCE FORTE,21,150008,"150008,150018,150028,150038",same normalized image + same declared brand/model; declared heavy/van/agriculture category conflicts with road-car/SUV image
150019,Mercedes-Benz / Setra,Iveco Crossway,Iveco Crossway Line Euro VI - Édition 2008,2019,50000,buses,222400.00,https://images.unsplash.com/photo-1502877338535-766e1452684a,unknown,CONFLIT + REDONDANCE FORTE,12,150009,"150009,150019,150029",same normalized image + same declared brand/model; declared heavy/van/agriculture category conflicts with road-car/SUV image
150020,Mercedes-Benz / Setra,VDD Futura,VDD Futura FPD2 Euro VI - Édition 2007,2020,62500,buses,226700.00,https://images.unsplash.com/photo-1555215695-3004980ad54e,unknown,CONFLIT + REDONDANCE FORTE,20,150010,"150010,150020,150030",same normalized image + same declared brand/model; declared heavy/van/agriculture category conflicts with road-car/SUV image
150021,Mercedes-Benz / Setra,Mercedes-Benz Tourismo,Mercedes-Benz Tourismo 16 RHD Euro VI - Édition 2006,2021,75000,buses,231000.00,https://images.unsplash.com/photo-1618843479313-40f8afb4b4d8,unknown,CONFLIT + REDONDANCE FORTE,16,150001,"150001,150011,150021,150031",same normalized image + same declared brand/model; declared heavy/van/agriculture category conflicts with road-car/SUV image
150022,Mercedes-Benz / Setra,Mercedes-Benz Citaro,Mercedes-Benz Citaro K Hybrid Euro VI - Édition 2005,2022,87500,buses,235300.00,https://images.unsplash.com/photo-1603584173870-7f23fdae1b7a,unknown,CONFLIT + REDONDANCE FORTE,14,150002,"150002,150012,150022,150032",same normalized image + same declared brand/model; declared heavy/van/agriculture category conflicts with road-car/SUV image
150023,Mercedes-Benz / Setra,Mercedes-Benz Intouro,Mercedes-Benz Intouro M Euro VI - Édition 2004,2023,100000,buses,239600.00,https://images.unsplash.com/photo-1541899481282-d53bffe3c35d,unknown,CONFLIT + REDONDANCE FORTE,15,150003,"150003,150013,150023,150033",same normalized image + same declared brand/model; declared heavy/van/agriculture category conflicts with road-car/SUV image
150024,Mercedes-Benz / Setra,Setra S,Setra S 515 HD Euro VI - Édition 2003,2024,112500,buses,243900.00,https://images.unsplash.com/photo-1503376780353-7e6692767b70,unknown,CONFLIT + REDONDANCE FORTE,19,150004,"150004,150014,150024,150034",same normalized image + same declared brand/model; declared heavy/van/agriculture category conflicts with road-car/SUV image
150025,Mercedes-Benz / Setra,MAN Lion's,MAN Lion's Coach L Euro VI - Édition 2002,2019,125000,buses,248200.00,https://images.unsplash.com/photo-1583121274602-3e2820c69888,unknown,CONFLIT + REDONDANCE FORTE,13,150005,"150005,150015,150025,150035",same normalized image + same declared brand/model; declared heavy/van/agriculture category conflicts with road-car/SUV image
150026,Mercedes-Benz / Setra,Neoplan Tourliner,Neoplan Tourliner C Euro VI - Édition 2001,2020,137500,buses,252500.00,https://images.unsplash.com/photo-1525609004556-c46c7d6cf023,unknown,CONFLIT + REDONDANCE FORTE,17,150006,"150006,150016,150026,150036",same normalized image + same declared brand/model; declared heavy/van/agriculture category conflicts with road-car/SUV image
150027,Mercedes-Benz / Setra,Scania Interlink,Scania Interlink HD Euro VI - Édition 2000,2021,150000,buses,256800.00,https://images.unsplash.com/photo-1563720223185-11003d516935,unknown,CONFLIT + REDONDANCE FORTE,18,150007,"150007,150017,150027,150037",same normalized image + same declared brand/model; declared heavy/van/agriculture category conflicts with road-car/SUV image
150028,Mercedes-Benz / Setra,Volvo 9700,Volvo 9700 Grand Luxe Euro VI - Édition 1999,2022,162500,buses,261100.00,https://images.unsplash.com/photo-1542282088-72c9c27ed0cd,unknown,CONFLIT + REDONDANCE FORTE,21,150008,"150008,150018,150028,150038",same normalized image + same declared brand/model; declared heavy/van/agriculture category conflicts with road-car/SUV image
150029,Mercedes-Benz / Setra,Iveco Crossway,Iveco Crossway Line Euro VI - Édition 1998,2023,175000,buses,265400.00,https://images.unsplash.com/photo-1502877338535-766e1452684a,unknown,CONFLIT + REDONDANCE FORTE,12,150009,"150009,150019,150029",same normalized image + same declared brand/model; declared heavy/van/agriculture category conflicts with road-car/SUV image
150030,Mercedes-Benz / Setra,VDD Futura,VDD Futura FPD2 Euro VI - Édition 1997,2024,187500,buses,269700.00,https://images.unsplash.com/photo-1555215695-3004980ad54e,unknown,CONFLIT + REDONDANCE FORTE,20,150010,"150010,150020,150030",same normalized image + same declared brand/model; declared heavy/van/agriculture category conflicts with road-car/SUV image
150031,Mercedes-Benz / Setra,Mercedes-Benz Tourismo,Mercedes-Benz Tourismo 16 RHD Euro VI - Édition 1996,2019,200000,buses,274000.00,https://images.unsplash.com/photo-1618843479313-40f8afb4b4d8,unknown,CONFLIT + REDONDANCE FORTE,16,150001,"150001,150011,150021,150031",same normalized image + same declared brand/model; declared heavy/van/agriculture category conflicts with road-car/SUV image
150032,Mercedes-Benz / Setra,Mercedes-Benz Citaro,Mercedes-Benz Citaro K Hybrid Euro VI - Édition 1995,2020,212500,buses,278300.00,https://images.unsplash.com/photo-1603584173870-7f23fdae1b7a,unknown,CONFLIT + REDONDANCE FORTE,14,150002,"150002,150012,150022,150032",same normalized image + same declared brand/model; declared heavy/van/agriculture category conflicts with road-car/SUV image
150033,Mercedes-Benz / Setra,Mercedes-Benz Intouro,Mercedes-Benz Intouro M Euro VI - Édition 1994,2021,225000,buses,282600.00,https://images.unsplash.com/photo-1541899481282-d53bffe3c35d,unknown,CONFLIT + REDONDANCE FORTE,15,150003,"150003,150013,150023,150033",same normalized image + same declared brand/model; declared heavy/van/agriculture category conflicts with road-car/SUV image
150034,Mercedes-Benz / Setra,Setra S,Setra S 515 HD Euro VI - Édition 1993,2022,237500,buses,286900.00,https://images.unsplash.com/photo-1503376780353-7e6692767b70,unknown,CONFLIT + REDONDANCE FORTE,19,150004,"150004,150014,150024,150034",same normalized image + same declared brand/model; declared heavy/van/agriculture category conflicts with road-car/SUV image
150035,Mercedes-Benz / Setra,MAN Lion's,MAN Lion's Coach L Euro VI - Édition 1992,2023,250000,buses,291200.00,https://images.unsplash.com/photo-1583121274602-3e2820c69888,unknown,CONFLIT + REDONDANCE FORTE,13,150005,"150005,150015,150025,150035",same normalized image + same declared brand/model; declared heavy/van/agriculture category conflicts with road-car/SUV image
150036,Mercedes-Benz / Setra,Neoplan Tourliner,Neoplan Tourliner C Euro VI - Édition 1991,2024,262500,buses,295500.00,https://images.unsplash.com/photo-1525609004556-c46c7d6cf023,unknown,CONFLIT + REDONDANCE FORTE,17,150006,"150006,150016,150026,150036",same normalized image + same declared brand/model; declared heavy/van/agriculture category conflicts with road-car/SUV image
150037,Mercedes-Benz / Setra,Scania Interlink,Scania Interlink HD Euro VI - Édition 1990,2019,55000,buses,299800.00,https://images.unsplash.com/photo-1563720223185-11003d516935,unknown,CONFLIT + REDONDANCE FORTE,18,150007,"150007,150017,150027,150037",same normalized image + same declared brand/model; declared heavy/van/agriculture category conflicts with road-car/SUV image
150038,Mercedes-Benz / Setra,Volvo 9700,Volvo 9700 Grand Luxe Euro VI - Édition 1989,2020,67500,buses,304100.00,https://images.unsplash.com/photo-1542282088-72c9c27ed0cd,unknown,CONFLIT + REDONDANCE FORTE,21,150008,"150008,150018,150028,150038",same normalized image + same declared brand/model; declared heavy/van/agriculture category conflicts with road-car/SUV image
180001,Audi,RS5 Coupé,RS5 Quattro Tiptronic Sport Edition,2022,38400,coupes,74500.00,https://images.unsplash.com/photo-1618843479313-40f8afb4b4d8,compatible/inconclusive,AUCUN CANDIDAT AUTOMATIQUE,,,,
180002,Volkswagen,T-Roc,T-Roc R-Line 2.0 TSI 4Motion,2025,15,suvs,42800.00,https://images.unsplash.com/photo-1603584173870-7f23fdae1b7a,unknown,CONFLIT CATEGORIE/PHOTO,,,,; declared heavy/van/agriculture category conflicts with road-car/SUV image
180003,Volkswagen,T-Roc,T-Roc Black Edition 1.5 TSI,2024,14200,suvs,34900.00,https://images.unsplash.com/photo-1541899481282-d53bffe3c35d,unknown,CONFLIT CATEGORIE/PHOTO,,,,; declared heavy/van/agriculture category conflicts with road-car/SUV image
180004,Volkswagen,T-Roc,T-Roc 2.0 TDI 4Motion Sport,2023,26500,suvs,33500.00,https://images.unsplash.com/photo-1503376780353-7e6692767b70,unknown,CONFLIT CATEGORIE/PHOTO,,,,; declared heavy/van/agriculture category conflicts with road-car/SUV image
180005,Volkswagen,T-Roc,T-Roc Style 1.0 TSI,2022,41000,suvs,24900.00,https://images.unsplash.com/photo-1583121274602-3e2820c69888,unknown,CONFLIT CATEGORIE/PHOTO,,,,; declared heavy/van/agriculture category conflicts with road-car/SUV image
180006,Volkswagen,T-Roc,T-Roc R Performance 4Motion,2023,21800,suvs,48500.00,https://images.unsplash.com/photo-1525609004556-c46c7d6cf023,unknown,CONFLIT CATEGORIE/PHOTO,,,,; declared heavy/van/agriculture category conflicts with road-car/SUV image
180007,Volkswagen,T-Roc,T-Roc Style 1.5 TSI,2023,18900,suvs,36500.00,https://images.unsplash.com/photo-1563720223185-11003d516935,unknown,CONFLIT CATEGORIE/PHOTO,,,,; declared heavy/van/agriculture category conflicts with road-car/SUV image
180008,Volkswagen,T-Roc,T-Roc R-Line 2.0 TSI,2021,62000,suvs,52400.00,https://images.unsplash.com/photo-1542282088-72c9c27ed0cd,unknown,CONFLIT CATEGORIE/PHOTO,,,,; declared heavy/van/agriculture category conflicts with road-car/SUV image
180009,Volkswagen,ID.4,ID.4 Pro Performance Tech,2023,24500,electric,37900.00,https://images.unsplash.com/photo-1502877338535-766e1452684a,compatible/inconclusive,AUCUN CANDIDAT AUTOMATIQUE,,,,
180010,Kia,Sportage,Sportage GT-Line Hybrid AWD,2025,10,suvs,41900.00,https://images.unsplash.com/photo-1555215695-3004980ad54e,unknown,CONFLIT CATEGORIE/PHOTO,,,,; declared heavy/van/agriculture category conflicts with road-car/SUV image
240001,Fendt,Vario 942,À confirmer,2023,45000,agricultural-machinery,15000.00,https://images.unsplash.com/photo-1618843479313-40f8afb4b4d8,unknown,CONFLIT CATEGORIE/PHOTO,,,,; declared heavy/van/agriculture category conflicts with road-car/SUV image
240002,John Deere,8R 410,À confirmer,2023,46200,agricultural-machinery,17300.00,https://images.unsplash.com/photo-1603584173870-7f23fdae1b7a,unknown,CONFLIT CATEGORIE/PHOTO,,,,; declared heavy/van/agriculture category conflicts with road-car/SUV image
240003,Claas,Axion 870,À confirmer,2023,47400,agricultural-machinery,19600.00,https://images.unsplash.com/photo-1541899481282-d53bffe3c35d,unknown,CONFLIT CATEGORIE/PHOTO,,,,; declared heavy/van/agriculture category conflicts with road-car/SUV image
240004,New Holland,T7.315,À confirmer,2023,48600,agricultural-machinery,21900.00,https://images.unsplash.com/photo-1503376780353-7e6692767b70,unknown,CONFLIT CATEGORIE/PHOTO,,,,; declared heavy/van/agriculture category conflicts with road-car/SUV image
240005,Case IH,Optum 300,À confirmer,2023,49800,agricultural-machinery,24200.00,https://images.unsplash.com/photo-1583121274602-3e2820c69888,unknown,CONFLIT CATEGORIE/PHOTO,,,,; declared heavy/van/agriculture category conflicts with road-car/SUV image
240006,Deutz-Fahr,Agrotron 9340,À confirmer,2023,51000,agricultural-machinery,26500.00,https://images.unsplash.com/photo-1525609004556-c46c7d6cf023,unknown,CONFLIT CATEGORIE/PHOTO,,,,; declared heavy/van/agriculture category conflicts with road-car/SUV image
240007,JCB,Fastrac 8330,À confirmer,2023,52200,agricultural-machinery,28800.00,https://images.unsplash.com/photo-1563720223185-11003d516935,unknown,CONFLIT CATEGORIE/PHOTO,,,,; declared heavy/van/agriculture category conflicts with road-car/SUV image
240008,Valtra,S416,À confirmer,2023,53400,agricultural-machinery,31100.00,https://images.unsplash.com/photo-1542282088-72c9c27ed0cd,unknown,CONFLIT CATEGORIE/PHOTO,,,,; declared heavy/van/agriculture category conflicts with road-car/SUV image
240009,Massey Ferguson,8S.305,À confirmer,2023,54600,agricultural-machinery,33400.00,https://images.unsplash.com/photo-1502877338535-766e1452684a,unknown,CONFLIT CATEGORIE/PHOTO,,,,; declared heavy/van/agriculture category conflicts with road-car/SUV image
240010,McCormick,X8.680,À confirmer,2023,55800,agricultural-machinery,35700.00,https://images.unsplash.com/photo-1555215695-3004980ad54e,unknown,CONFLIT CATEGORIE/PHOTO,,,,; declared heavy/van/agriculture category conflicts with road-car/SUV image
240011,Kubota,M7173,À confirmer,2023,57000,agricultural-machinery,38000.00,https://images.unsplash.com/photo-1618843479313-40f8afb4b4d8,unknown,CONFLIT CATEGORIE/PHOTO,,,,; declared heavy/van/agriculture category conflicts with road-car/SUV image
240012,Landini,Rex 4-120,À confirmer,2023,58200,agricultural-machinery,40300.00,https://images.unsplash.com/photo-1603584173870-7f23fdae1b7a,unknown,CONFLIT CATEGORIE/PHOTO,,,,; declared heavy/van/agriculture category conflicts with road-car/SUV image
240013,Same,Virtus 140,À confirmer,2023,59400,agricultural-machinery,42600.00,https://images.unsplash.com/photo-1541899481282-d53bffe3c35d,unknown,CONFLIT CATEGORIE/PHOTO,,,,; declared heavy/van/agriculture category conflicts with road-car/SUV image
240014,Lamborghini,Spire 100,À confirmer,2023,60600,agricultural-machinery,44900.00,https://images.unsplash.com/photo-1503376780353-7e6692767b70,unknown,CONFLIT CATEGORIE/PHOTO,,,,; declared heavy/van/agriculture category conflicts with road-car/SUV image
240015,Zetor,Forterra 150,À confirmer,2023,61800,agricultural-machinery,47200.00,https://images.unsplash.com/photo-1583121274602-3e2820c69888,unknown,CONFLIT CATEGORIE/PHOTO,,,,; declared heavy/van/agriculture category conflicts with road-car/SUV image
240016,Steyr,Terrus 6300,À confirmer,2023,63000,agricultural-machinery,49500.00,https://images.unsplash.com/photo-1525609004556-c46c7d6cf023,unknown,CONFLIT CATEGORIE/PHOTO,,,,; declared heavy/van/agriculture category conflicts with road-car/SUV image
240017,Branson,F50RN,À confirmer,2023,64200,agricultural-machinery,51800.00,https://images.unsplash.com/photo-1563720223185-11003d516935,unknown,CONFLIT CATEGORIE/PHOTO,,,,; declared heavy/van/agriculture category conflicts with road-car/SUV image
240018,Kioti,RX7320,À confirmer,2023,65400,agricultural-machinery,54100.00,https://images.unsplash.com/photo-1542282088-72c9c27ed0cd,unknown,CONFLIT CATEGORIE/PHOTO,,,,; declared heavy/van/agriculture category conflicts with road-car/SUV image
240019,Solis,90 N,À confirmer,2023,66600,agricultural-machinery,56400.00,https://images.unsplash.com/photo-1502877338535-766e1452684a,unknown,CONFLIT CATEGORIE/PHOTO,,,,; declared heavy/van/agriculture category conflicts with road-car/SUV image
240020,Volvo,FH16 750,À confirmer,2023,67800,trucks,58700.00,https://images.unsplash.com/photo-1555215695-3004980ad54e,unknown,CONFLIT CATEGORIE/PHOTO,,,,; declared heavy/van/agriculture category conflicts with road-car/SUV image
240021,Volvo,FMX 540 Dumper,À confirmer,2023,69000,trucks,61000.00,https://images.unsplash.com/photo-1618843479313-40f8afb4b4d8,unknown,CONFLIT CATEGORIE/PHOTO,,,,; declared heavy/van/agriculture category conflicts with road-car/SUV image
240022,Scania,S660 Highline,À confirmer,2023,70200,trucks,63300.00,https://images.unsplash.com/photo-1603584173870-7f23fdae1b7a,unknown,CONFLIT CATEGORIE/PHOTO,,,,; declared heavy/van/agriculture category conflicts with road-car/SUV image
240023,Scania,R770 V8,À confirmer,2023,71400,trucks,65600.00,https://images.unsplash.com/photo-1541899481282-d53bffe3c35d,unknown,CONFLIT CATEGORIE/PHOTO,,,,; declared heavy/van/agriculture category conflicts with road-car/SUV image
240024,Mercedes-Benz,Actros 1853 L,À confirmer,2023,72600,trucks,67900.00,https://images.unsplash.com/photo-1503376780353-7e6692767b70,unknown,CONFLIT CATEGORIE/PHOTO,,,,; declared heavy/van/agriculture category conflicts with road-car/SUV image
240025,Renault,T High Turbo Compound,À confirmer,2023,73800,trucks,70200.00,https://images.unsplash.com/photo-1583121274602-3e2820c69888,unknown,CONFLIT CATEGORIE/PHOTO,,,,; declared heavy/van/agriculture category conflicts with road-car/SUV image
240026,Volvo,FH Globetrotter,À confirmer,2023,75000,trucks,72500.00,https://images.unsplash.com/photo-1525609004556-c46c7d6cf023,unknown,CONFLIT CATEGORIE/PHOTO,,,,; declared heavy/van/agriculture category conflicts with road-car/SUV image
240027,Renault,T480 Sleeper,À confirmer,2023,76200,trucks,74800.00,https://images.unsplash.com/photo-1563720223185-11003d516935,unknown,CONFLIT CATEGORIE/PHOTO,,,,; declared heavy/van/agriculture category conflicts with road-car/SUV image
240028,Volvo,FH16 Aero,À confirmer,2023,77400,trucks,77100.00,https://images.unsplash.com/photo-1542282088-72c9c27ed0cd,unknown,CONFLIT CATEGORIE/PHOTO,,,,; declared heavy/van/agriculture category conflicts with road-car/SUV image
