statut,categorie,vehicle_id,marque,modele,version,annee,photo_candidate,niveau_confiance,base_de_proposition,commentaire
PROPOSITION_NON_APPLIQUEE,Voitures,30003,Audi,A6 Avant,40 TDI S line Quattro,2022,65478.jpg,Catégorie forte / modèle à confirmer,Type visuel classé suv) pour le véhicule Audi A6 Avant (2022,Aucune écriture en base; photo libre et réservée à cette seule ligne dans la proposition.
PROPOSITION_NON_APPLIQUEE,Voitures,8,Audi,Q4 e-tron,40 Advanced,2024,65479.jpg,Catégorie forte / modèle à confirmer,Type visuel classé suv) pour le véhicule Audi Q4 e-tron (2024,Aucune écriture en base; photo libre et réservée à cette seule ligne dans la proposition.
PROPOSITION_NON_APPLIQUEE,Voitures,30002,BMW,Série 3,320d xDrive M Sport,2023,65480.jpg,Catégorie forte / modèle à confirmer,Type visuel classé suv) pour le véhicule BMW Série 3 (2023,Aucune écriture en base; photo libre et réservée à cette seule ligne dans la proposition.
PROPOSITION_NON_APPLIQUEE,Voitures,60001,BMW,Série 3,Série 3 Edition 1,2019,65481.jpg,Catégorie forte / modèle à confirmer,Type visuel classé suv) pour le véhicule BMW Série 3 (2019,Aucune écriture en base; photo libre et réservée à cette seule ligne dans la proposition.
PROPOSITION_NON_APPLIQUEE,Voitures,60011,BMW,Série 3,Série 3 Edition 11,2022,65482.jpg,Catégorie forte / modèle à confirmer,Type visuel classé suv) pour le véhicule BMW Série 3 (2022,Aucune écriture en base; photo libre et réservée à cette seule ligne dans la proposition.
PROPOSITION_NON_APPLIQUEE,Voitures,60021,BMW,Série 3,Série 3 Edition 21,2018,65483.jpg,Catégorie forte / modèle à confirmer,Type visuel classé suv) pour le véhicule BMW Série 3 (2018,Aucune écriture en base; photo libre et réservée à cette seule ligne dans la proposition.
PROPOSITION_NON_APPLIQUEE,Voitures,60031,BMW,Série 3,Série 3 Edition 31,2021,65484.jpg,Catégorie forte / modèle à confirmer,Type visuel classé suv) pour le véhicule BMW Série 3 (2021,Aucune écriture en base; photo libre et réservée à cette seule ligne dans la proposition.
PROPOSITION_NON_APPLIQUEE,Voitures,60040,BMW,Série 3,Série 3 Edition 1,2019,65485.jpg,Catégorie forte / modèle à confirmer,Type visuel classé suv) pour le véhicule BMW Série 3 (2019,Aucune écriture en base; photo libre et réservée à cette seule ligne dans la proposition.
PROPOSITION_NON_APPLIQUEE,Voitures,60050,BMW,Série 3,Série 3 Edition 11,2022,65486.jpg,Catégorie forte / modèle à confirmer,Type visuel classé suv) pour le véhicule BMW Série 3 (2022,Aucune écriture en base; photo libre et réservée à cette seule ligne dans la proposition.
PROPOSITION_NON_APPLIQUEE,Voitures,60060,BMW,Série 3,Série 3 Edition 21,2018,65487.jpg,Catégorie forte / modèle à confirmer,Type visuel classé suv) pour le véhicule BMW Série 3 (2018,Aucune écriture en base; photo libre et réservée à cette seule ligne dans la proposition.
PROPOSITION_NON_APPLIQUEE,Voitures,60070,BMW,Série 3,Série 3 Edition 31,2021,65488.jpg,Catégorie forte / modèle à confirmer,Type visuel classé suv) pour le véhicule BMW Série 3 (2021,Aucune écriture en base; photo libre et réservée à cette seule ligne dans la proposition.
PROPOSITION_NON_APPLIQUEE,Voitures,60080,BMW,Série 3,Série 3 Edition 41,2024,65489.jpg,Catégorie forte / modèle à confirmer,Type visuel classé suv) pour le véhicule BMW Série 3 (2024,Aucune écriture en base; photo libre et réservée à cette seule ligne dans la proposition.
PROPOSITION_NON_APPLIQUEE,Voitures,60090,BMW,Série 3,Série 3 Edition 51,2020,65490.jpg,Catégorie forte / modèle à confirmer,Type visuel classé suv) pour le véhicule BMW Série 3 (2020,Aucune écriture en base; photo libre et réservée à cette seule ligne dans la proposition.
PROPOSITION_NON_APPLIQUEE,Voitures,60100,BMW,Série 3,Série 3 Edition 61,2023,65491.jpg,Catégorie forte / modèle à confirmer,Type visuel classé suv) pour le véhicule BMW Série 3 (2023,Aucune écriture en base; photo libre et réservée à cette seule ligne dans la proposition.
PROPOSITION_NON_APPLIQUEE,Voitures,60110,BMW,Série 3,Série 3 Edition 71,2019,65492.jpg,Catégorie forte / modèle à confirmer,Type visuel classé suv) pour le véhicule BMW Série 3 (2019,Aucune écriture en base; photo libre et réservée à cette seule ligne dans la proposition.
PROPOSITION_NON_APPLIQUEE,Voitures,60120,BMW,Série 3,Série 3 Edition 81,2022,65493.jpg,Catégorie forte / modèle à confirmer,Type visuel classé suv) pour le véhicule BMW Série 3 (2022,Aucune écriture en base; photo libre et réservée à cette seule ligne dans la proposition.
PROPOSITION_NON_APPLIQUEE,Voitures,60130,BMW,Série 3,Série 3 Edition 91,2018,65494.jpg,Catégorie forte / modèle à confirmer,Type visuel classé suv) pour le véhicule BMW Série 3 (2018,Aucune écriture en base; photo libre et réservée à cette seule ligne dans la proposition.
PROPOSITION_NON_APPLIQUEE,Voitures,60140,BMW,Série 3,Série 3 Edition 101,2021,65495.jpg,Catégorie forte / modèle à confirmer,Type visuel classé suv) pour le véhicule BMW Série 3 (2021,Aucune écriture en base; photo libre et réservée à cette seule ligne dans la proposition.
PROPOSITION_NON_APPLIQUEE,Voitures,60142,BMW,Série 3,Série 3 Export Line 1,2019,65496.jpg,Catégorie forte / modèle à confirmer,Type visuel classé suv) pour le véhicule BMW Série 3 (2019,Aucune écriture en base; photo libre et réservée à cette seule ligne dans la proposition.
PROPOSITION_NON_APPLIQUEE,Voitures,60152,BMW,Série 3,Série 3 Export Line 11,2022,65497.jpg,Catégorie forte / modèle à confirmer,Type visuel classé suv) pour le véhicule BMW Série 3 (2022,Aucune écriture en base; photo libre et réservée à cette seule ligne dans la proposition.
PROPOSITION_NON_APPLIQUEE,Voitures,60162,BMW,Série 3,Série 3 Export Line 21,2018,65498.jpg,Catégorie forte / modèle à confirmer,Type visuel classé suv) pour le véhicule BMW Série 3 (2018,Aucune écriture en base; photo libre et réservée à cette seule ligne dans la proposition.
PROPOSITION_NON_APPLIQUEE,Voitures,60172,BMW,Série 3,Série 3 Export Line 31,2021,65499.jpg,Catégorie forte / modèle à confirmer,Type visuel classé suv) pour le véhicule BMW Série 3 (2021,Aucune écriture en base; photo libre et réservée à cette seule ligne dans la proposition.
PROPOSITION_NON_APPLIQUEE,Voitures,60182,BMW,Série 3,Série 3 Export Line 41,2024,65500.jpg,Catégorie forte / modèle à confirmer,Type visuel classé suv) pour le véhicule BMW Série 3 (2024,Aucune écriture en base; photo libre et réservée à cette seule ligne dans la proposition.
PROPOSITION_NON_APPLIQUEE,Voitures,60192,BMW,Série 3,Série 3 Export Line 51,2020,65501.jpg,Catégorie forte / modèle à confirmer,Type visuel classé suv) pour le véhicule BMW Série 3 (2020,Aucune écriture en base; photo libre et réservée à cette seule ligne dans la proposition.
PROPOSITION_NON_APPLIQUEE,Voitures,60202,BMW,Série 3,Série 3 Export Line 61,2023,65502.jpg,Catégorie forte / modèle à confirmer,Type visuel classé suv) pour le véhicule BMW Série 3 (2023,Aucune écriture en base; photo libre et réservée à cette seule ligne dans la proposition.
PROPOSITION_NON_APPLIQUEE,Voitures,60212,BMW,Série 3,Série 3 Export Line 71,2019,65503.jpg,Catégorie forte / modèle à confirmer,Type visuel classé suv) pour le véhicule BMW Série 3 (2019,Aucune écriture en base; photo libre et réservée à cette seule ligne dans la proposition.
PROPOSITION_NON_APPLIQUEE,Voitures,60222,BMW,Série 3,Série 3 Export Line 81,2022,65504.jpg,Catégorie forte / modèle à confirmer,Type visuel classé suv) pour le véhicule BMW Série 3 (2022,Aucune écriture en base; photo libre et réservée à cette seule ligne dans la proposition.
PROPOSITION_NON_APPLIQUEE,Voitures,60232,BMW,Série 3,Série 3 Export Line 91,2018,65505.jpg,Catégorie forte / modèle à confirmer,Type visuel classé suv) pour le véhicule BMW Série 3 (2018,Aucune écriture en base; photo libre et réservée à cette seule ligne dans la proposition.
PROPOSITION_NON_APPLIQUEE,Voitures,6,BMW,X5 xDrive30d,M Sport Package,2023,65522.jpg,Catégorie forte / modèle à confirmer,Type visuel classé suv) pour le véhicule BMW X5 xDrive30d (2023,Aucune écriture en base; photo libre et réservée à cette seule ligne dans la proposition.
PROPOSITION_NON_APPLIQUEE,Voitures,5,John Deere,5075E,Utility Tractor,2022,65526.jpg,Catégorie forte / modèle à confirmer,Type visuel classé suv) pour le véhicule John Deere 5075E (2022,Aucune écriture en base; photo libre et réservée à cette seule ligne dans la proposition.
PROPOSITION_NON_APPLIQUEE,Voitures,4,Mercedes-Benz,Atego 1224,Box Truck + Tail Lift,2020,65527.jpg,Catégorie forte / modèle à confirmer,Type visuel classé suv) pour le véhicule Mercedes-Benz Atego 1224 (2020,Aucune écriture en base; photo libre et réservée à cette seule ligne dans la proposition.
PROPOSITION_NON_APPLIQUEE,Voitures,1,Mercedes-Benz,Classe C,200 d Avantgarde,2022,65528.jpg,Catégorie forte / modèle à confirmer,Type visuel classé suv) pour le véhicule Mercedes-Benz Classe C (2022,Aucune écriture en base; photo libre et réservée à cette seule ligne dans la proposition.
PROPOSITION_NON_APPLIQUEE,Voitures,30001,Mercedes-Benz,Classe C,C 200 d Avantgarde Estate,2022,65529.jpg,Catégorie forte / modèle à confirmer,Type visuel classé suv) pour le véhicule Mercedes-Benz Classe C (2022,Aucune écriture en base; photo libre et réservée à cette seule ligne dans la proposition.
PROPOSITION_NON_APPLIQUEE,Voitures,7,Porsche,911 Carrera S,992 Coupe,2021,65530.jpg,Catégorie forte / modèle à confirmer,Type visuel classé suv) pour le véhicule Porsche 911 Carrera S (2021,Aucune écriture en base; photo libre et réservée à cette seule ligne dans la proposition.
PROPOSITION_NON_APPLIQUEE,Voitures,2,Volkswagen,Golf 8,1.5 TSI Life,2024,65531.jpg,Catégorie forte / modèle à confirmer,Type visuel classé suv) pour le véhicule Volkswagen Golf 8 (2024,Aucune écriture en base; photo libre et réservée à cette seule ligne dans la proposition.
PROPOSITION_NON_APPLIQUEE,Voitures,30004,Volkswagen,Golf 8,1.5 TSI Life,2024,65532.jpg,Catégorie forte / modèle à confirmer,Type visuel classé suv) pour le véhicule Volkswagen Golf 8 (2024,Aucune écriture en base; photo libre et réservée à cette seule ligne dans la proposition.
PROPOSITION_NON_APPLIQUEE,Voitures,120007,Volkswagen,Golf VII GTI,2.0 TSI GTI Performance Clubsport Look,2019,65537.jpg,Catégorie forte / modèle à confirmer,Type visuel classé suv) pour le véhicule Volkswagen Golf VII GTI (2019,Aucune écriture en base; photo libre et réservée à cette seule ligne dans la proposition.
PROPOSITION_NON_APPLIQUEE,Voitures,90002,Volkswagen,Golf VII R,2.0 TSI R Custom Neon,2019,65538.jpg,Catégorie forte / modèle à confirmer,Type visuel classé suv) pour le véhicule Volkswagen Golf VII R (2019,Aucune écriture en base; photo libre et réservée à cette seule ligne dans la proposition.
PROPOSITION_NON_APPLIQUEE,Voitures,90003,Volkswagen,Golf VII R,2.0 TSI R Stealth Edition,2020,65539.jpg,Catégorie forte / modèle à confirmer,Type visuel classé suv) pour le véhicule Volkswagen Golf VII R (2020,Aucune écriture en base; photo libre et réservée à cette seule ligne dans la proposition.
PROPOSITION_NON_APPLIQUEE,Voitures,90007,Volkswagen,Golf VII R,2.0 TSI R Turmeric Yellow,2018,65540.jpg,Catégorie forte / modèle à confirmer,Type visuel classé suv) pour le véhicule Volkswagen Golf VII R (2018,Aucune écriture en base; photo libre et réservée à cette seule ligne dans la proposition.
PROPOSITION_NON_APPLIQUEE,Voitures,90004,Volkswagen,Golf VII.5 GTI,2.0 TSI GTI Performance Nardo,2021,65541.jpg,Catégorie forte / modèle à confirmer,Type visuel classé suv) pour le véhicule Volkswagen Golf VII.5 GTI (2021,Aucune écriture en base; photo libre et réservée à cette seule ligne dans la proposition.
PROPOSITION_NON_APPLIQUEE,Voitures,90009,Volkswagen,Golf VII.5 R,2.0 TSI R Estate / Variant Olive,2020,65543.jpg,Catégorie forte / modèle à confirmer,Type visuel classé suv) pour le véhicule Volkswagen Golf VII.5 R (2020,Aucune écriture en base; photo libre et réservée à cette seule ligne dans la proposition.
PROPOSITION_NON_APPLIQUEE,Voitures,120006,Volkswagen,Golf VIII,1.5 eTSI R-Line DSG Urban Grey,2022,65544.jpg,Catégorie forte / modèle à confirmer,Type visuel classé suv) pour le véhicule Volkswagen Golf VIII (2022,Aucune écriture en base; photo libre et réservée à cette seule ligne dans la proposition.
PROPOSITION_NON_APPLIQUEE,Voitures,90010,Volkswagen,Golf VIII GTI,2.0 TSI GTI Pure White,2022,65546.jpg,Catégorie forte / modèle à confirmer,Type visuel classé suv) pour le véhicule Volkswagen Golf VIII GTI (2022,Aucune écriture en base; photo libre et réservée à cette seule ligne dans la proposition.
PROPOSITION_NON_APPLIQUEE,Voitures,120008,Volkswagen,Golf VIII GTI,2.0 TSI GTI Clubsport White Pack,2022,65547.jpg,Catégorie forte / modèle à confirmer,Type visuel classé suv) pour le véhicule Volkswagen Golf VIII GTI (2022,Aucune écriture en base; photo libre et réservée à cette seule ligne dans la proposition.
PROPOSITION_NON_APPLIQUEE,Voitures,120009,Volkswagen,Golf VIII GTI,2.0 TSI GTI Performance White Edition,2021,65548.jpg,Catégorie forte / modèle à confirmer,Type visuel classé suv) pour le véhicule Volkswagen Golf VIII GTI (2021,Aucune écriture en base; photo libre et réservée à cette seule ligne dans la proposition.
PROPOSITION_NON_APPLIQUEE,Voitures,90006,Volkswagen,Golf VIII GTI Clubsport,2.0 TSI Clubsport Pure White,2023,65549.jpg,Catégorie forte / modèle à confirmer,Type visuel classé suv) pour le véhicule Volkswagen Golf VIII GTI Clubsport (2023,Aucune écriture en base; photo libre et réservée à cette seule ligne dans la proposition.
PROPOSITION_NON_APPLIQUEE,Voitures,90001,Volkswagen,Golf VIII R,2.0 TSI R 4Motion DSG,2023,65550.jpg,Catégorie forte / modèle à confirmer,Type visuel classé suv) pour le véhicule Volkswagen Golf VIII R (2023,Aucune écriture en base; photo libre et réservée à cette seule ligne dans la proposition.
PROPOSITION_NON_APPLIQUEE,Voitures,90005,Volkswagen,Golf VIII R,2.0 TSI R Miami Blue,2023,65551.jpg,Catégorie forte / modèle à confirmer,Type visuel classé suv) pour le véhicule Volkswagen Golf VIII R (2023,Aucune écriture en base; photo libre et réservée à cette seule ligne dans la proposition.
PROPOSITION_NON_APPLIQUEE,Voitures,90008,Volkswagen,Golf VIII R,2.0 TSI R 'Edition 333',2024,65552.jpg,Catégorie forte / modèle à confirmer,Type visuel classé suv) pour le véhicule Volkswagen Golf VIII R (2024,Aucune écriture en base; photo libre et réservée à cette seule ligne dans la proposition.
PROPOSITION_NON_APPLIQUEE,Voitures,90011,Volkswagen,Golf VIII R,2.0 TSI R Midnight Black,2023,65553.jpg,Catégorie forte / modèle à confirmer,Type visuel classé suv) pour le véhicule Volkswagen Golf VIII R (2023,Aucune écriture en base; photo libre et réservée à cette seule ligne dans la proposition.
PROPOSITION_NON_APPLIQUEE,Voitures,120005,Volkswagen,Golf VIII R,2.0 TSI R Performance White Edition,2023,65554.jpg,Catégorie forte / modèle à confirmer,Type visuel classé suv) pour le véhicule Volkswagen Golf VIII R (2023,Aucune écriture en base; photo libre et réservée à cette seule ligne dans la proposition.
PROPOSITION_NON_APPLIQUEE,Voitures,3,Volkswagen,Transporter T6.1,EcoPro Panel Van,2021,65555.jpg,Catégorie forte / modèle à confirmer,Type visuel classé suv) pour le véhicule Volkswagen Transporter T6.1 (2021,Aucune écriture en base; photo libre et réservée à cette seule ligne dans la proposition.
PROPOSITION_NON_APPLIQUEE,Bus,60038,MAN,Lion's Coach R08,Lion's Coach R08 Edition 38,2021,65324.jpg,Catégorie forte / modèle à confirmer,Type visuel classé bus) pour le véhicule MAN Lion's Coach R08 (2021,Aucune écriture en base; photo libre et réservée à cette seule ligne dans la proposition.
PROPOSITION_NON_APPLIQUEE,Bus,60077,MAN,Lion's Coach R08,Lion's Coach R08 Edition 38,2021,65325.jpg,Catégorie forte / modèle à confirmer,Type visuel classé bus) pour le véhicule MAN Lion's Coach R08 (2021,Aucune écriture en base; photo libre et réservée à cette seule ligne dans la proposition.
PROPOSITION_NON_APPLIQUEE,Bus,60137,MAN,Lion's Coach R08,Lion's Coach R08 Edition 98,2018,65326.jpg,Catégorie forte / modèle à confirmer,Type visuel classé bus) pour le véhicule MAN Lion's Coach R08 (2018,Aucune écriture en base; photo libre et réservée à cette seule ligne dans la proposition.
PROPOSITION_NON_APPLIQUEE,Bus,60149,MAN,Lion's Coach R08,Lion's Coach R08 Export Line 8,2019,65327.jpg,Catégorie forte / modèle à confirmer,Type visuel classé bus) pour le véhicule MAN Lion's Coach R08 (2019,Aucune écriture en base; photo libre et réservée à cette seule ligne dans la proposition.
PROPOSITION_NON_APPLIQUEE,Bus,60179,MAN,Lion's Coach R08,Lion's Coach R08 Export Line 38,2021,65328.jpg,Catégorie forte / modèle à confirmer,Type visuel classé bus) pour le véhicule MAN Lion's Coach R08 (2021,Aucune écriture en base; photo libre et réservée à cette seule ligne dans la proposition.
PROPOSITION_NON_APPLIQUEE,Bus,60209,MAN,Lion's Coach R08,Lion's Coach R08 Export Line 68,2023,65329.jpg,Catégorie forte / modèle à confirmer,Type visuel classé bus) pour le véhicule MAN Lion's Coach R08 (2023,Aucune écriture en base; photo libre et réservée à cette seule ligne dans la proposition.
PROPOSITION_NON_APPLIQUEE,Bus,60008,MAN,Travego 15 SHD,Travego 15 SHD Edition 8,2019,65330.jpg,Catégorie forte / modèle à confirmer,Type visuel classé bus) pour le véhicule MAN Travego 15 SHD (2019,Aucune écriture en base; photo libre et réservée à cette seule ligne dans la proposition.
PROPOSITION_NON_APPLIQUEE,Bus,60047,MAN,Travego 15 SHD,Travego 15 SHD Edition 8,2019,65331.jpg,Catégorie forte / modèle à confirmer,Type visuel classé bus) pour le véhicule MAN Travego 15 SHD (2019,Aucune écriture en base; photo libre et réservée à cette seule ligne dans la proposition.
PROPOSITION_NON_APPLIQUEE,Bus,60107,MAN,Travego 15 SHD,Travego 15 SHD Edition 68,2023,65332.jpg,Catégorie forte / modèle à confirmer,Type visuel classé bus) pour le véhicule MAN Travego 15 SHD (2023,Aucune écriture en base; photo libre et réservée à cette seule ligne dans la proposition.
PROPOSITION_NON_APPLIQUEE,Bus,60018,Mercedes-Benz,Lion's Coach R08,Lion's Coach R08 Edition 18,2022,65333.jpg,Catégorie forte / modèle à confirmer,Type visuel classé bus) pour le véhicule Mercedes-Benz Lion's Coach R08 (2022,Aucune écriture en base; photo libre et réservée à cette seule ligne dans la proposition.
PROPOSITION_NON_APPLIQUEE,Bus,60057,Mercedes-Benz,Lion's Coach R08,Lion's Coach R08 Edition 18,2022,65334.jpg,Catégorie forte / modèle à confirmer,Type visuel classé bus) pour le véhicule Mercedes-Benz Lion's Coach R08 (2022,Aucune écriture en base; photo libre et réservée à cette seule ligne dans la proposition.
PROPOSITION_NON_APPLIQUEE,Bus,60117,Mercedes-Benz,Lion's Coach R08,Lion's Coach R08 Edition 78,2019,65335.jpg,Catégorie forte / modèle à confirmer,Type visuel classé bus) pour le véhicule Mercedes-Benz Lion's Coach R08 (2019,Aucune écriture en base; photo libre et réservée à cette seule ligne dans la proposition.
PROPOSITION_NON_APPLIQUEE,Bus,30017,Mercedes-Benz,Tourismo 15 RHD,Coach / Autocar de tourisme,2020,65336.jpg,Catégorie forte / modèle à confirmer,Type visuel classé bus) pour le véhicule Mercedes-Benz Tourismo 15 RHD (2020,Aucune écriture en base; photo libre et réservée à cette seule ligne dans la proposition.
PROPOSITION_NON_APPLIQUEE,Bus,60087,Mercedes-Benz,Travego 15 SHD,Travego 15 SHD Edition 48,2024,65337.jpg,Catégorie forte / modèle à confirmer,Type visuel classé bus) pour le véhicule Mercedes-Benz Travego 15 SHD (2024,Aucune écriture en base; photo libre et réservée à cette seule ligne dans la proposition.
PROPOSITION_NON_APPLIQUEE,Bus,60159,Mercedes-Benz,Travego 15 SHD,Travego 15 SHD Export Line 18,2022,65338.jpg,Catégorie forte / modèle à confirmer,Type visuel classé bus) pour le véhicule Mercedes-Benz Travego 15 SHD (2022,Aucune écriture en base; photo libre et réservée à cette seule ligne dans la proposition.
PROPOSITION_NON_APPLIQUEE,Bus,60189,Mercedes-Benz,Travego 15 SHD,Travego 15 SHD Export Line 48,2024,65339.jpg,Catégorie forte / modèle à confirmer,Type visuel classé bus) pour le véhicule Mercedes-Benz Travego 15 SHD (2024,Aucune écriture en base; photo libre et réservée à cette seule ligne dans la proposition.
PROPOSITION_NON_APPLIQUEE,Bus,60219,Mercedes-Benz,Travego 15 SHD,Travego 15 SHD Export Line 78,2019,65340.jpg,Catégorie forte / modèle à confirmer,Type visuel classé bus) pour le véhicule Mercedes-Benz Travego 15 SHD (2019,Aucune écriture en base; photo libre et réservée à cette seule ligne dans la proposition.
PROPOSITION_NON_APPLIQUEE,Bus,150009,Mercedes-Benz / Setra,Iveco Crossway,Iveco Crossway Line Euro VI - Édition 2018,2021,65342.jpg,Catégorie forte / modèle à confirmer,Type visuel classé bus) pour le véhicule Mercedes-Benz / Setra Iveco Crossway (2021,Aucune écriture en base; photo libre et réservée à cette seule ligne dans la proposition.
PROPOSITION_NON_APPLIQUEE,Bus,150019,Mercedes-Benz / Setra,Iveco Crossway,Iveco Crossway Line Euro VI - Édition 2008,2019,65343.jpg,Catégorie forte / modèle à confirmer,Type visuel classé bus) pour le véhicule Mercedes-Benz / Setra Iveco Crossway (2019,Aucune écriture en base; photo libre et réservée à cette seule ligne dans la proposition.
PROPOSITION_NON_APPLIQUEE,Bus,150029,Mercedes-Benz / Setra,Iveco Crossway,Iveco Crossway Line Euro VI - Édition 1998,2023,65344.jpg,Catégorie forte / modèle à confirmer,Type visuel classé bus) pour le véhicule Mercedes-Benz / Setra Iveco Crossway (2023,Aucune écriture en base; photo libre et réservée à cette seule ligne dans la proposition.
PROPOSITION_NON_APPLIQUEE,Bus,150005,Mercedes-Benz / Setra,MAN Lion's,MAN Lion's Coach L Euro VI - Édition 2022,2023,65345.jpg,Catégorie forte / modèle à confirmer,Type visuel classé bus) pour le véhicule Mercedes-Benz / Setra MAN Lion's (2023,Aucune écriture en base; photo libre et réservée à cette seule ligne dans la proposition.
PROPOSITION_NON_APPLIQUEE,Bus,150015,Mercedes-Benz / Setra,MAN Lion's,MAN Lion's Coach L Euro VI - Édition 2012,2021,65346.jpg,Catégorie forte / modèle à confirmer,Type visuel classé bus) pour le véhicule Mercedes-Benz / Setra MAN Lion's (2021,Aucune écriture en base; photo libre et réservée à cette seule ligne dans la proposition.
PROPOSITION_NON_APPLIQUEE,Bus,150025,Mercedes-Benz / Setra,MAN Lion's,MAN Lion's Coach L Euro VI - Édition 2002,2019,65347.jpg,Catégorie forte / modèle à confirmer,Type visuel classé bus) pour le véhicule Mercedes-Benz / Setra MAN Lion's (2019,Aucune écriture en base; photo libre et réservée à cette seule ligne dans la proposition.
PROPOSITION_NON_APPLIQUEE,Bus,150035,Mercedes-Benz / Setra,MAN Lion's,MAN Lion's Coach L Euro VI - Édition 1992,2023,65348.jpg,Catégorie forte / modèle à confirmer,Type visuel classé bus) pour le véhicule Mercedes-Benz / Setra MAN Lion's (2023,Aucune écriture en base; photo libre et réservée à cette seule ligne dans la proposition.
PROPOSITION_NON_APPLIQUEE,Bus,150002,Mercedes-Benz / Setra,Mercedes-Benz Citaro,Mercedes-Benz Citaro K Hybrid Euro VI - Édition 2025,2020,65349.jpg,Catégorie forte / modèle à confirmer,Type visuel classé bus) pour le véhicule Mercedes-Benz / Setra Mercedes-Benz Citaro (2020,Aucune écriture en base; photo libre et réservée à cette seule ligne dans la proposition.
PROPOSITION_NON_APPLIQUEE,Bus,150012,Mercedes-Benz / Setra,Mercedes-Benz Citaro,Mercedes-Benz Citaro K Hybrid Euro VI - Édition 2015,2024,65350.jpg,Catégorie forte / modèle à confirmer,Type visuel classé bus) pour le véhicule Mercedes-Benz / Setra Mercedes-Benz Citaro (2024,Aucune écriture en base; photo libre et réservée à cette seule ligne dans la proposition.
PROPOSITION_NON_APPLIQUEE,Bus,150022,Mercedes-Benz / Setra,Mercedes-Benz Citaro,Mercedes-Benz Citaro K Hybrid Euro VI - Édition 2005,2022,65351.jpg,Catégorie forte / modèle à confirmer,Type visuel classé bus) pour le véhicule Mercedes-Benz / Setra Mercedes-Benz Citaro (2022,Aucune écriture en base; photo libre et réservée à cette seule ligne dans la proposition.
PROPOSITION_NON_APPLIQUEE,Bus,150032,Mercedes-Benz / Setra,Mercedes-Benz Citaro,Mercedes-Benz Citaro K Hybrid Euro VI - Édition 1995,2020,65352.jpg,Catégorie forte / modèle à confirmer,Type visuel classé bus) pour le véhicule Mercedes-Benz / Setra Mercedes-Benz Citaro (2020,Aucune écriture en base; photo libre et réservée à cette seule ligne dans la proposition.
PROPOSITION_NON_APPLIQUEE,Bus,150003,Mercedes-Benz / Setra,Mercedes-Benz Intouro,Mercedes-Benz Intouro M Euro VI - Édition 2024,2021,65353.jpg,Catégorie forte / modèle à confirmer,Type visuel classé bus) pour le véhicule Mercedes-Benz / Setra Mercedes-Benz Intouro (2021,Aucune écriture en base; photo libre et réservée à cette seule ligne dans la proposition.
PROPOSITION_NON_APPLIQUEE,Bus,150013,Mercedes-Benz / Setra,Mercedes-Benz Intouro,Mercedes-Benz Intouro M Euro VI - Édition 2014,2019,65354.jpg,Catégorie forte / modèle à confirmer,Type visuel classé bus) pour le véhicule Mercedes-Benz / Setra Mercedes-Benz Intouro (2019,Aucune écriture en base; photo libre et réservée à cette seule ligne dans la proposition.
PROPOSITION_NON_APPLIQUEE,Bus,150023,Mercedes-Benz / Setra,Mercedes-Benz Intouro,Mercedes-Benz Intouro M Euro VI - Édition 2004,2023,65185.jpg,Catégorie forte / modèle à confirmer,Type visuel classé car) pour le véhicule Mercedes-Benz / Setra Mercedes-Benz Intouro (2023,Aucune écriture en base; photo libre et réservée à cette seule ligne dans la proposition.
PROPOSITION_NON_APPLIQUEE,Bus,150033,Mercedes-Benz / Setra,Mercedes-Benz Intouro,Mercedes-Benz Intouro M Euro VI - Édition 1994,2021,65188.jpg,Catégorie forte / modèle à confirmer,Type visuel classé car) pour le véhicule Mercedes-Benz / Setra Mercedes-Benz Intouro (2021,Aucune écriture en base; photo libre et réservée à cette seule ligne dans la proposition.
PROPOSITION_NON_APPLIQUEE,Bus,150001,Mercedes-Benz / Setra,Mercedes-Benz Tourismo,Mercedes-Benz Tourismo 16 RHD Euro VI - Édition 2026,2019,65190.jpg,Catégorie forte / modèle à confirmer,Type visuel classé car) pour le véhicule Mercedes-Benz / Setra Mercedes-Benz Tourismo (2019,Aucune écriture en base; photo libre et réservée à cette seule ligne dans la proposition.
PROPOSITION_NON_APPLIQUEE,Bus,150011,Mercedes-Benz / Setra,Mercedes-Benz Tourismo,Mercedes-Benz Tourismo 16 RHD Euro VI - Édition 2016,2023,65191.jpg,Catégorie forte / modèle à confirmer,Type visuel classé car) pour le véhicule Mercedes-Benz / Setra Mercedes-Benz Tourismo (2023,Aucune écriture en base; photo libre et réservée à cette seule ligne dans la proposition.
PROPOSITION_NON_APPLIQUEE,Bus,150021,Mercedes-Benz / Setra,Mercedes-Benz Tourismo,Mercedes-Benz Tourismo 16 RHD Euro VI - Édition 2006,2021,65192.jpg,Catégorie forte / modèle à confirmer,Type visuel classé general) pour le véhicule Mercedes-Benz / Setra Mercedes-Benz Tourismo (2021,Aucune écriture en base; photo libre et réservée à cette seule ligne dans la proposition.
PROPOSITION_NON_APPLIQUEE,Bus,150031,Mercedes-Benz / Setra,Mercedes-Benz Tourismo,Mercedes-Benz Tourismo 16 RHD Euro VI - Édition 1996,2019,65322.jpg,Catégorie forte / modèle à confirmer,Type visuel classé general) pour le véhicule Mercedes-Benz / Setra Mercedes-Benz Tourismo (2019,Aucune écriture en base; photo libre et réservée à cette seule ligne dans la proposition.
PROPOSITION_NON_APPLIQUEE,Bus,150006,Mercedes-Benz / Setra,Neoplan Tourliner,Neoplan Tourliner C Euro VI - Édition 2021,2024,65355.jpg,Catégorie forte / modèle à confirmer,Type visuel classé general) pour le véhicule Mercedes-Benz / Setra Neoplan Tourliner (2024,Aucune écriture en base; photo libre et réservée à cette seule ligne dans la proposition.
PROPOSITION_NON_APPLIQUEE,Bus,150016,Mercedes-Benz / Setra,Neoplan Tourliner,Neoplan Tourliner C Euro VI - Édition 2011,2022,65356.jpg,Catégorie forte / modèle à confirmer,Type visuel classé general) pour le véhicule Mercedes-Benz / Setra Neoplan Tourliner (2022,Aucune écriture en base; photo libre et réservée à cette seule ligne dans la proposition.
PROPOSITION_NON_APPLIQUEE,Bus,150026,Mercedes-Benz / Setra,Neoplan Tourliner,Neoplan Tourliner C Euro VI - Édition 2001,2020,65357.jpg,Catégorie forte / modèle à confirmer,Type visuel classé general) pour le véhicule Mercedes-Benz / Setra Neoplan Tourliner (2020,Aucune écriture en base; photo libre et réservée à cette seule ligne dans la proposition.
PROPOSITION_NON_APPLIQUEE,Bus,150036,Mercedes-Benz / Setra,Neoplan Tourliner,Neoplan Tourliner C Euro VI - Édition 1991,2024,65358.jpg,Catégorie forte / modèle à confirmer,Type visuel classé general) pour le véhicule Mercedes-Benz / Setra Neoplan Tourliner (2024,Aucune écriture en base; photo libre et réservée à cette seule ligne dans la proposition.
PROPOSITION_NON_APPLIQUEE,Bus,150007,Mercedes-Benz / Setra,Scania Interlink,Scania Interlink HD Euro VI - Édition 2020,2019,65359.jpg,Catégorie forte / modèle à confirmer,Type visuel classé general) pour le véhicule Mercedes-Benz / Setra Scania Interlink (2019,Aucune écriture en base; photo libre et réservée à cette seule ligne dans la proposition.
PROPOSITION_NON_APPLIQUEE,Bus,150017,Mercedes-Benz / Setra,Scania Interlink,Scania Interlink HD Euro VI - Édition 2010,2023,65360.jpg,Catégorie forte / modèle à confirmer,Type visuel classé general) pour le véhicule Mercedes-Benz / Setra Scania Interlink (2023,Aucune écriture en base; photo libre et réservée à cette seule ligne dans la proposition.
PROPOSITION_NON_APPLIQUEE,Bus,150027,Mercedes-Benz / Setra,Scania Interlink,Scania Interlink HD Euro VI - Édition 2000,2021,65361.jpg,Catégorie forte / modèle à confirmer,Type visuel classé general) pour le véhicule Mercedes-Benz / Setra Scania Interlink (2021,Aucune écriture en base; photo libre et réservée à cette seule ligne dans la proposition.
PROPOSITION_NON_APPLIQUEE,Bus,150037,Mercedes-Benz / Setra,Scania Interlink,Scania Interlink HD Euro VI - Édition 1990,2019,65362.jpg,Catégorie forte / modèle à confirmer,Type visuel classé general) pour le véhicule Mercedes-Benz / Setra Scania Interlink (2019,Aucune écriture en base; photo libre et réservée à cette seule ligne dans la proposition.
PROPOSITION_NON_APPLIQUEE,Bus,150004,Mercedes-Benz / Setra,Setra S,Setra S 515 HD Euro VI - Édition 2023,2022,65363.jpg,Catégorie forte / modèle à confirmer,Type visuel classé general) pour le véhicule Mercedes-Benz / Setra Setra S (2022,Aucune écriture en base; photo libre et réservée à cette seule ligne dans la proposition.
PROPOSITION_NON_APPLIQUEE,Bus,150014,Mercedes-Benz / Setra,Setra S,Setra S 515 HD Euro VI - Édition 2013,2020,65442.jpg,Catégorie forte / modèle à confirmer,Type visuel classé general) pour le véhicule Mercedes-Benz / Setra Setra S (2020,Aucune écriture en base; photo libre et réservée à cette seule ligne dans la proposition.
PROPOSITION_NON_APPLIQUEE,Bus,150024,Mercedes-Benz / Setra,Setra S,Setra S 515 HD Euro VI - Édition 2003,2024,65452.jpg,Catégorie forte / modèle à confirmer,Type visuel classé suv) pour le véhicule Mercedes-Benz / Setra Setra S (2024,Aucune écriture en base; photo libre et réservée à cette seule ligne dans la proposition.
PROPOSITION_NON_APPLIQUEE,Bus,150034,Mercedes-Benz / Setra,Setra S,Setra S 515 HD Euro VI - Édition 1993,2022,65454.jpg,Catégorie forte / modèle à confirmer,Type visuel classé suv) pour le véhicule Mercedes-Benz / Setra Setra S (2022,Aucune écriture en base; photo libre et réservée à cette seule ligne dans la proposition.
PROPOSITION_NON_APPLIQUEE,Bus,150010,Mercedes-Benz / Setra,VDD Futura,VDD Futura FPD2 Euro VI - Édition 2017,2022,65455.jpg,Catégorie forte / modèle à confirmer,Type visuel classé suv) pour le véhicule Mercedes-Benz / Setra VDD Futura (2022,Aucune écriture en base; photo libre et réservée à cette seule ligne dans la proposition.
PROPOSITION_NON_APPLIQUEE,Bus,150020,Mercedes-Benz / Setra,VDD Futura,VDD Futura FPD2 Euro VI - Édition 2007,2020,65462.jpg,Catégorie forte / modèle à confirmer,Type visuel classé suv) pour le véhicule Mercedes-Benz / Setra VDD Futura (2020,Aucune écriture en base; photo libre et réservée à cette seule ligne dans la proposition.
PROPOSITION_NON_APPLIQUEE,Bus,150030,Mercedes-Benz / Setra,VDD Futura,VDD Futura FPD2 Euro VI - Édition 1997,2024,65463.jpg,Catégorie forte / modèle à confirmer,Type visuel classé suv) pour le véhicule Mercedes-Benz / Setra VDD Futura (2024,Aucune écriture en base; photo libre et réservée à cette seule ligne dans la proposition.
PROPOSITION_NON_APPLIQUEE,Bus,150008,Mercedes-Benz / Setra,Volvo 9700,Volvo 9700 Grand Luxe Euro VI - Édition 2019,2020,65464.jpg,Catégorie forte / modèle à confirmer,Type visuel classé suv) pour le véhicule Mercedes-Benz / Setra Volvo 9700 (2020,Aucune écriture en base; photo libre et réservée à cette seule ligne dans la proposition.
PROPOSITION_NON_APPLIQUEE,Bus,150018,Mercedes-Benz / Setra,Volvo 9700,Volvo 9700 Grand Luxe Euro VI - Édition 2009,2024,65465.jpg,Catégorie forte / modèle à confirmer,Type visuel classé suv) pour le véhicule Mercedes-Benz / Setra Volvo 9700 (2024,Aucune écriture en base; photo libre et réservée à cette seule ligne dans la proposition.
PROPOSITION_NON_APPLIQUEE,Bus,150028,Mercedes-Benz / Setra,Volvo 9700,Volvo 9700 Grand Luxe Euro VI - Édition 1999,2022,65466.jpg,Catégorie forte / modèle à confirmer,Type visuel classé suv) pour le véhicule Mercedes-Benz / Setra Volvo 9700 (2022,Aucune écriture en base; photo libre et réservée à cette seule ligne dans la proposition.
PROPOSITION_NON_APPLIQUEE,Bus,150038,Mercedes-Benz / Setra,Volvo 9700,Volvo 9700 Grand Luxe Euro VI - Édition 1989,2020,65468.jpg,Catégorie forte / modèle à confirmer,Type visuel classé suv) pour le véhicule Mercedes-Benz / Setra Volvo 9700 (2020,Aucune écriture en base; photo libre et réservée à cette seule ligne dans la proposition.
PROPOSITION_NON_APPLIQUEE,Bus,60097,Setra,Lion's Coach R08,Lion's Coach R08 Edition 58,2020,65469.jpg,Catégorie forte / modèle à confirmer,Type visuel classé suv) pour le véhicule Setra Lion's Coach R08 (2020,Aucune écriture en base; photo libre et réservée à cette seule ligne dans la proposition.
PROPOSITION_NON_APPLIQUEE,Bus,30018,Setra,S 515 HD,ComfortClass Tourbus,2021,65470.jpg,Catégorie forte / modèle à confirmer,Type visuel classé suv) pour le véhicule Setra S 515 HD (2021,Aucune écriture en base; photo libre et réservée à cette seule ligne dans la proposition.
PROPOSITION_NON_APPLIQUEE,Bus,60169,Setra,Tourismo M,Tourismo M Export Line 28,2018,65471.jpg,Catégorie forte / modèle à confirmer,Type visuel classé suv) pour le véhicule Setra Tourismo M (2018,Aucune écriture en base; photo libre et réservée à cette seule ligne dans la proposition.
PROPOSITION_NON_APPLIQUEE,Bus,60199,Setra,Tourismo M,Tourismo M Export Line 58,2020,65473.jpg,Catégorie forte / modèle à confirmer,Type visuel classé suv) pour le véhicule Setra Tourismo M (2020,Aucune écriture en base; photo libre et réservée à cette seule ligne dans la proposition.
PROPOSITION_NON_APPLIQUEE,Bus,60229,Setra,Tourismo M,Tourismo M Export Line 88,2022,65474.jpg,Catégorie forte / modèle à confirmer,Type visuel classé suv) pour le véhicule Setra Tourismo M (2022,Aucune écriture en base; photo libre et réservée à cette seule ligne dans la proposition.
PROPOSITION_NON_APPLIQUEE,Bus,60028,Setra,Travego 15 SHD,Travego 15 SHD Edition 28,2018,65475.jpg,Catégorie forte / modèle à confirmer,Type visuel classé suv) pour le véhicule Setra Travego 15 SHD (2018,Aucune écriture en base; photo libre et réservée à cette seule ligne dans la proposition.
PROPOSITION_NON_APPLIQUEE,Bus,60067,Setra,Travego 15 SHD,Travego 15 SHD Edition 28,2018,65476.jpg,Catégorie forte / modèle à confirmer,Type visuel classé suv) pour le véhicule Setra Travego 15 SHD (2018,Aucune écriture en base; photo libre et réservée à cette seule ligne dans la proposition.
PROPOSITION_NON_APPLIQUEE,Bus,60127,Setra,Travego 15 SHD,Travego 15 SHD Edition 88,2022,65477.jpg,Catégorie forte / modèle à confirmer,Type visuel classé suv) pour le véhicule Setra Travego 15 SHD (2022,Aucune écriture en base; photo libre et réservée à cette seule ligne dans la proposition.
PROPOSITION_NON_APPLIQUEE,Tracteurs / agricole,60171,Claas,8R 410,8R 410 Export Line 30,2020,65749.jpg,Catégorie forte / modèle à confirmer,Type visuel classé tractor) pour le véhicule Claas 8R 410 (2020,Aucune écriture en base; photo libre et réservée à cette seule ligne dans la proposition.
PROPOSITION_NON_APPLIQUEE,Tracteurs / agricole,60231,Claas,8R 410,8R 410 Export Line 90,2024,65750.jpg,Catégorie forte / modèle à confirmer,Type visuel classé tractor) pour le véhicule Claas 8R 410 (2024,Aucune écriture en base; photo libre et réservée à cette seule ligne dans la proposition.
PROPOSITION_NON_APPLIQUEE,Tracteurs / agricole,60151,Claas,933 Vario ProfiPlus,933 Vario ProfiPlus Export Line 10,2021,65751.jpg,Catégorie forte / modèle à confirmer,Type visuel classé tractor) pour le véhicule Claas 933 Vario ProfiPlus (2021,Aucune écriture en base; photo libre et réservée à cette seule ligne dans la proposition.
PROPOSITION_NON_APPLIQUEE,Tracteurs / agricole,60211,Claas,933 Vario ProfiPlus,933 Vario ProfiPlus Export Line 70,2018,65752.jpg,Catégorie forte / modèle à confirmer,Type visuel classé tractor) pour le véhicule Claas 933 Vario ProfiPlus (2018,Aucune écriture en base; photo libre et réservée à cette seule ligne dans la proposition.
PROPOSITION_NON_APPLIQUEE,Tracteurs / agricole,60010,Claas,Axion 870,Axion 870 Edition 10,2021,65753.jpg,Catégorie forte / modèle à confirmer,Type visuel classé tractor) pour le véhicule Claas Axion 870 (2021,Aucune écriture en base; photo libre et réservée à cette seule ligne dans la proposition.
PROPOSITION_NON_APPLIQUEE,Tracteurs / agricole,60030,Claas,Axion 870,Axion 870 Edition 30,2020,65754.jpg,Catégorie forte / modèle à confirmer,Type visuel classé tractor) pour le véhicule Claas Axion 870 (2020,Aucune écriture en base; photo libre et réservée à cette seule ligne dans la proposition.
PROPOSITION_NON_APPLIQUEE,Tracteurs / agricole,60049,Claas,Axion 870,Axion 870 Edition 10,2021,65755.jpg,Catégorie forte / modèle à confirmer,Type visuel classé tractor) pour le véhicule Claas Axion 870 (2021,Aucune écriture en base; photo libre et réservée à cette seule ligne dans la proposition.
PROPOSITION_NON_APPLIQUEE,Tracteurs / agricole,60069,Claas,Axion 870,Axion 870 Edition 30,2020,65758.jpg,Catégorie forte / modèle à confirmer,Type visuel classé tractor) pour le véhicule Claas Axion 870 (2020,Aucune écriture en base; photo libre et réservée à cette seule ligne dans la proposition.
PROPOSITION_NON_APPLIQUEE,Tracteurs / agricole,60089,Claas,Axion 870,Axion 870 Edition 50,2019,65762.jpg,Catégorie forte / modèle à confirmer,Type visuel classé tractor) pour le véhicule Claas Axion 870 (2019,Aucune écriture en base; photo libre et réservée à cette seule ligne dans la proposition.
PROPOSITION_NON_APPLIQUEE,Tracteurs / agricole,60109,Claas,Axion 870,Axion 870 Edition 70,2018,65763.jpg,Catégorie forte / modèle à confirmer,Type visuel classé tractor) pour le véhicule Claas Axion 870 (2018,Aucune écriture en base; photo libre et réservée à cette seule ligne dans la proposition.
PROPOSITION_NON_APPLIQUEE,Tracteurs / agricole,60129,Claas,Axion 870,Axion 870 Edition 90,2024,65764.jpg,Catégorie forte / modèle à confirmer,Type visuel classé tractor) pour le véhicule Claas Axion 870 (2024,Aucune écriture en base; photo libre et réservée à cette seule ligne dans la proposition.
PROPOSITION_NON_APPLIQUEE,Tracteurs / agricole,60191,Claas,Axion 870,Axion 870 Export Line 50,2019,65765.jpg,Catégorie forte / modèle à confirmer,Type visuel classé tractor) pour le véhicule Claas Axion 870 (2019,Aucune écriture en base; photo libre et réservée à cette seule ligne dans la proposition.
PROPOSITION_NON_APPLIQUEE,Tracteurs / agricole,30022,Fendt,724 Vario,Gen 6 ProfiPlus,2022,65766.jpg,Catégorie forte / modèle à confirmer,Type visuel classé tractor) pour le véhicule Fendt 724 Vario (2022,Aucune écriture en base; photo libre et réservée à cette seule ligne dans la proposition.
PROPOSITION_NON_APPLIQUEE,Tracteurs / agricole,30021,John Deere,6R 250,High-Performance Tractor,2023,65767.jpg,Catégorie forte / modèle à confirmer,Type visuel classé tractor) pour le véhicule John Deere 6R 250 (2023,Aucune écriture en base; photo libre et réservée à cette seule ligne dans la proposition.
PROPOSITION_NON_APPLIQUEE,Tracteurs / agricole,60020,John Deere,8R 410,8R 410 Edition 20,2024,65768.jpg,Catégorie forte / modèle à confirmer,Type visuel classé tractor) pour le véhicule John Deere 8R 410 (2024,Aucune écriture en base; photo libre et réservée à cette seule ligne dans la proposition.
PROPOSITION_NON_APPLIQUEE,Tracteurs / agricole,60059,John Deere,8R 410,8R 410 Edition 20,2024,65770.jpg,Catégorie forte / modèle à confirmer,Type visuel classé tractor) pour le véhicule John Deere 8R 410 (2024,Aucune écriture en base; photo libre et réservée à cette seule ligne dans la proposition.
PROPOSITION_NON_APPLIQUEE,Tracteurs / agricole,60079,John Deere,8R 410,8R 410 Edition 40,2023,65771.jpg,Catégorie forte / modèle à confirmer,Type visuel classé tractor) pour le véhicule John Deere 8R 410 (2023,Aucune écriture en base; photo libre et réservée à cette seule ligne dans la proposition.
PROPOSITION_NON_APPLIQUEE,Tracteurs / agricole,60099,John Deere,8R 410,8R 410 Edition 60,2022,65772.jpg,Catégorie forte / modèle à confirmer,Type visuel classé tractor) pour le véhicule John Deere 8R 410 (2022,Aucune écriture en base; photo libre et réservée à cette seule ligne dans la proposition.
PROPOSITION_NON_APPLIQUEE,Tracteurs / agricole,60119,John Deere,8R 410,8R 410 Edition 80,2021,65773.jpg,Catégorie forte / modèle à confirmer,Type visuel classé tractor) pour le véhicule John Deere 8R 410 (2021,Aucune écriture en base; photo libre et réservée à cette seule ligne dans la proposition.
PROPOSITION_NON_APPLIQUEE,Tracteurs / agricole,60139,John Deere,8R 410,8R 410 Edition 100,2020,65774.jpg,Catégorie forte / modèle à confirmer,Type visuel classé tractor) pour le véhicule John Deere 8R 410 (2020,Aucune écriture en base; photo libre et réservée à cette seule ligne dans la proposition.
PROPOSITION_NON_APPLIQUEE,Tracteurs / agricole,60201,John Deere,8R 410,8R 410 Export Line 60,2022,65775.jpg,Catégorie forte / modèle à confirmer,Type visuel classé tractor) pour le véhicule John Deere 8R 410 (2022,Aucune écriture en base; photo libre et réservée à cette seule ligne dans la proposition.
PROPOSITION_NON_APPLIQUEE,Tracteurs / agricole,60181,John Deere,933 Vario ProfiPlus,933 Vario ProfiPlus Export Line 40,2023,65776.jpg,Catégorie forte / modèle à confirmer,Type visuel classé tractor) pour le véhicule John Deere 933 Vario ProfiPlus (2023,Aucune écriture en base; photo libre et réservée à cette seule ligne dans la proposition.
PROPOSITION_NON_APPLIQUEE,Tracteurs / agricole,60161,John Deere,Axion 870,Axion 870 Export Line 20,2024,65777.jpg,Catégorie forte / modèle à confirmer,Type visuel classé tractor) pour le véhicule John Deere Axion 870 (2024,Aucune écriture en base; photo libre et réservée à cette seule ligne dans la proposition.
PROPOSITION_NON_APPLIQUEE,Tracteurs / agricole,60221,John Deere,Axion 870,Axion 870 Export Line 80,2021,65778.jpg,Catégorie forte / modèle à confirmer,Type visuel classé tractor) pour le véhicule John Deere Axion 870 (2021,Aucune écriture en base; photo libre et réservée à cette seule ligne dans la proposition.
PROPOSITION_NON_APPLIQUEE,Machines agricoles et de chantier,240017,Branson,F50RN,À confirmer,2023,65779.jpg,Catégorie forte / modèle à confirmer,Type visuel classé tractor) pour le véhicule Branson F50RN (2023,Aucune écriture en base; photo libre et réservée à cette seule ligne dans la proposition.
PROPOSITION_NON_APPLIQUEE,Machines agricoles et de chantier,240005,Case IH,Optum 300,À confirmer,2023,65782.jpg,Catégorie forte / modèle à confirmer,Type visuel classé tractor) pour le véhicule Case IH Optum 300 (2023,Aucune écriture en base; photo libre et réservée à cette seule ligne dans la proposition.
PROPOSITION_NON_APPLIQUEE,Machines agricoles et de chantier,240003,Claas,Axion 870,À confirmer,2023,65783.jpg,Catégorie forte / modèle à confirmer,Type visuel classé tractor) pour le véhicule Claas Axion 870 (2023,Aucune écriture en base; photo libre et réservée à cette seule ligne dans la proposition.
PROPOSITION_NON_APPLIQUEE,Machines agricoles et de chantier,240006,Deutz-Fahr,Agrotron 9340,À confirmer,2023,65785.jpg,Catégorie forte / modèle à confirmer,Type visuel classé tractor) pour le véhicule Deutz-Fahr Agrotron 9340 (2023,Aucune écriture en base; photo libre et réservée à cette seule ligne dans la proposition.
PROPOSITION_NON_APPLIQUEE,Machines agricoles et de chantier,240001,Fendt,Vario 942,À confirmer,2023,65788.jpg,Catégorie forte / modèle à confirmer,Type visuel classé tractor) pour le véhicule Fendt Vario 942 (2023,Aucune écriture en base; photo libre et réservée à cette seule ligne dans la proposition.
PROPOSITION_NON_APPLIQUEE,Machines agricoles et de chantier,240007,JCB,Fastrac 8330,À confirmer,2023,65163.jpg,Catégorie forte / modèle à confirmer,Type visuel classé car) pour le véhicule JCB Fastrac 8330 (2023,Aucune écriture en base; photo libre et réservée à cette seule ligne dans la proposition.
PROPOSITION_NON_APPLIQUEE,Machines agricoles et de chantier,240002,John Deere,8R 410,À confirmer,2023,65168.jpg,Catégorie forte / modèle à confirmer,Type visuel classé car) pour le véhicule John Deere 8R 410 (2023,Aucune écriture en base; photo libre et réservée à cette seule ligne dans la proposition.
PROPOSITION_NON_APPLIQUEE,Machines agricoles et de chantier,240018,Kioti,RX7320,À confirmer,2023,65169.jpg,Catégorie forte / modèle à confirmer,Type visuel classé car) pour le véhicule Kioti RX7320 (2023,Aucune écriture en base; photo libre et réservée à cette seule ligne dans la proposition.
PROPOSITION_NON_APPLIQUEE,Machines agricoles et de chantier,240011,Kubota,M7173,À confirmer,2023,65170.jpg,Catégorie forte / modèle à confirmer,Type visuel classé car) pour le véhicule Kubota M7173 (2023,Aucune écriture en base; photo libre et réservée à cette seule ligne dans la proposition.
PROPOSITION_NON_APPLIQUEE,Machines agricoles et de chantier,240014,Lamborghini,Spire 100,À confirmer,2023,65172.jpg,Catégorie forte / modèle à confirmer,Type visuel classé car) pour le véhicule Lamborghini Spire 100 (2023,Aucune écriture en base; photo libre et réservée à cette seule ligne dans la proposition.
PROPOSITION_NON_APPLIQUEE,Machines agricoles et de chantier,240012,Landini,Rex 4-120,À confirmer,2023,65176.jpg,Catégorie forte / modèle à confirmer,Type visuel classé car) pour le véhicule Landini Rex 4-120 (2023,Aucune écriture en base; photo libre et réservée à cette seule ligne dans la proposition.
PROPOSITION_NON_APPLIQUEE,Machines agricoles et de chantier,240009,Massey Ferguson,8S.305,À confirmer,2023,65177.jpg,Catégorie forte / modèle à confirmer,Type visuel classé car) pour le véhicule Massey Ferguson 8S.305 (2023,Aucune écriture en base; photo libre et réservée à cette seule ligne dans la proposition.
PROPOSITION_NON_APPLIQUEE,Machines agricoles et de chantier,240010,McCormick,X8.680,À confirmer,2023,65178.jpg,Catégorie forte / modèle à confirmer,Type visuel classé car) pour le véhicule McCormick X8.680 (2023,Aucune écriture en base; photo libre et réservée à cette seule ligne dans la proposition.
PROPOSITION_NON_APPLIQUEE,Machines agricoles et de chantier,240004,New Holland,T7.315,À confirmer,2023,65179.jpg,Catégorie forte / modèle à confirmer,Type visuel classé car) pour le véhicule New Holland T7.315 (2023,Aucune écriture en base; photo libre et réservée à cette seule ligne dans la proposition.
PROPOSITION_NON_APPLIQUEE,Machines agricoles et de chantier,240013,Same,Virtus 140,À confirmer,2023,65180.jpg,Catégorie forte / modèle à confirmer,Type visuel classé car) pour le véhicule Same Virtus 140 (2023,Aucune écriture en base; photo libre et réservée à cette seule ligne dans la proposition.
PROPOSITION_NON_APPLIQUEE,Machines agricoles et de chantier,240019,Solis,90 N,À confirmer,2023,65181.jpg,Catégorie forte / modèle à confirmer,Type visuel classé car) pour le véhicule Solis 90 N (2023,Aucune écriture en base; photo libre et réservée à cette seule ligne dans la proposition.
PROPOSITION_NON_APPLIQUEE,Machines agricoles et de chantier,240016,Steyr,Terrus 6300,À confirmer,2023,65182.jpg,Catégorie forte / modèle à confirmer,Type visuel classé car) pour le véhicule Steyr Terrus 6300 (2023,Aucune écriture en base; photo libre et réservée à cette seule ligne dans la proposition.
PROPOSITION_NON_APPLIQUEE,Machines agricoles et de chantier,240008,Valtra,S416,À confirmer,2023,65183.jpg,Catégorie forte / modèle à confirmer,Type visuel classé car) pour le véhicule Valtra S416 (2023,Aucune écriture en base; photo libre et réservée à cette seule ligne dans la proposition.
PROPOSITION_NON_APPLIQUEE,Machines agricoles et de chantier,240015,Zetor,Forterra 150,À confirmer,2023,65184.jpg,Catégorie forte / modèle à confirmer,Type visuel classé car) pour le véhicule Zetor Forterra 150 (2023,Aucune écriture en base; photo libre et réservée à cette seule ligne dans la proposition.
PROPOSITION_NON_APPLIQUEE,Électriques / hybrides,30012,Audi,Q4 e-tron,40 Advanced,2024,65611.jpg,Catégorie forte / modèle à confirmer,Type visuel classé suv) pour le véhicule Audi Q4 e-tron (2024,Aucune écriture en base; photo libre et réservée à cette seule ligne dans la proposition.
PROPOSITION_NON_APPLIQUEE,Électriques / hybrides,60015,Audi,Taycan 4S,Taycan 4S Edition 15,2019,65612.jpg,Catégorie forte / modèle à confirmer,Type visuel classé suv) pour le véhicule Audi Taycan 4S (2019,Aucune écriture en base; photo libre et réservée à cette seule ligne dans la proposition.
PROPOSITION_NON_APPLIQUEE,Électriques / hybrides,60054,Audi,Taycan 4S,Taycan 4S Edition 15,2019,65613.jpg,Catégorie forte / modèle à confirmer,Type visuel classé suv) pour le véhicule Audi Taycan 4S (2019,Aucune écriture en base; photo libre et réservée à cette seule ligne dans la proposition.
PROPOSITION_NON_APPLIQUEE,Électriques / hybrides,60084,Audi,Taycan 4S,Taycan 4S Edition 45,2021,65614.jpg,Catégorie forte / modèle à confirmer,Type visuel classé suv) pour le véhicule Audi Taycan 4S (2021,Aucune écriture en base; photo libre et réservée à cette seule ligne dans la proposition.
PROPOSITION_NON_APPLIQUEE,Électriques / hybrides,60114,Audi,Taycan 4S,Taycan 4S Edition 75,2023,65615.jpg,Catégorie forte / modèle à confirmer,Type visuel classé suv) pour le véhicule Audi Taycan 4S (2023,Aucune écriture en base; photo libre et réservée à cette seule ligne dans la proposition.
PROPOSITION_NON_APPLIQUEE,Électriques / hybrides,60156,Audi,Taycan 4S,Taycan 4S Export Line 15,2019,65616.jpg,Catégorie forte / modèle à confirmer,Type visuel classé suv) pour le véhicule Audi Taycan 4S (2019,Aucune écriture en base; photo libre et réservée à cette seule ligne dans la proposition.
PROPOSITION_NON_APPLIQUEE,Électriques / hybrides,60176,Audi,Taycan 4S,Taycan 4S Export Line 35,2018,65617.jpg,Catégorie forte / modèle à confirmer,Type visuel classé suv) pour le véhicule Audi Taycan 4S (2018,Aucune écriture en base; photo libre et réservée à cette seule ligne dans la proposition.
PROPOSITION_NON_APPLIQUEE,Électriques / hybrides,60196,Audi,Taycan 4S,Taycan 4S Export Line 55,2024,65618.jpg,Catégorie forte / modèle à confirmer,Type visuel classé suv) pour le véhicule Audi Taycan 4S (2024,Aucune écriture en base; photo libre et réservée à cette seule ligne dans la proposition.
PROPOSITION_NON_APPLIQUEE,Coupés / sportives,60082,Audi,M4 Competition,M4 Competition Edition 43,2019,65582.jpg,Catégorie forte / modèle à confirmer,Type visuel classé suv) pour le véhicule Audi M4 Competition (2019,Aucune écriture en base; photo libre et réservée à cette seule ligne dans la proposition.
PROPOSITION_NON_APPLIQUEE,Coupés / sportives,60023,Audi,M850i,M850i Edition 23,2020,65584.jpg,Catégorie forte / modèle à confirmer,Type visuel classé suv) pour le véhicule Audi M850i (2020,Aucune écriture en base; photo libre et réservée à cette seule ligne dans la proposition.
PROPOSITION_NON_APPLIQUEE,Coupés / sportives,60062,Audi,M850i,M850i Edition 23,2020,65585.jpg,Catégorie forte / modèle à confirmer,Type visuel classé suv) pour le véhicule Audi M850i (2020,Aucune écriture en base; photo libre et réservée à cette seule ligne dans la proposition.
PROPOSITION_NON_APPLIQUEE,Coupés / sportives,60122,Audi,M850i,M850i Edition 83,2024,65587.jpg,Catégorie forte / modèle à confirmer,Type visuel classé suv) pour le véhicule Audi M850i (2024,Aucune écriture en base; photo libre et réservée à cette seule ligne dans la proposition.
PROPOSITION_NON_APPLIQUEE,Coupés / sportives,60003,Audi,RS5 Coupé,RS5 Coupé Edition 3,2021,65588.jpg,Catégorie forte / modèle à confirmer,Type visuel classé suv) pour le véhicule Audi RS5 Coupé (2021,Aucune écriture en base; photo libre et réservée à cette seule ligne dans la proposition.
PROPOSITION_NON_APPLIQUEE,Coupés / sportives,60042,Audi,RS5 Coupé,RS5 Coupé Edition 3,2021,65589.jpg,Catégorie forte / modèle à confirmer,Type visuel classé suv) pour le véhicule Audi RS5 Coupé (2021,Aucune écriture en base; photo libre et réservée à cette seule ligne dans la proposition.
PROPOSITION_NON_APPLIQUEE,Coupés / sportives,60102,Audi,RS5 Coupé,RS5 Coupé Edition 63,2018,65590.jpg,Catégorie forte / modèle à confirmer,Type visuel classé suv) pour le véhicule Audi RS5 Coupé (2018,Aucune écriture en base; photo libre et réservée à cette seule ligne dans la proposition.
PROPOSITION_NON_APPLIQUEE,Coupés / sportives,60144,Audi,RS5 Coupé,RS5 Coupé Export Line 3,2021,65591.jpg,Catégorie forte / modèle à confirmer,Type visuel classé suv) pour le véhicule Audi RS5 Coupé (2021,Aucune écriture en base; photo libre et réservée à cette seule ligne dans la proposition.
PROPOSITION_NON_APPLIQUEE,Coupés / sportives,60164,Audi,RS5 Coupé,RS5 Coupé Export Line 23,2020,65592.jpg,Catégorie forte / modèle à confirmer,Type visuel classé suv) pour le véhicule Audi RS5 Coupé (2020,Aucune écriture en base; photo libre et réservée à cette seule ligne dans la proposition.
PROPOSITION_NON_APPLIQUEE,Coupés / sportives,60184,Audi,RS5 Coupé,RS5 Coupé Export Line 43,2019,65593.jpg,Catégorie forte / modèle à confirmer,Type visuel classé suv) pour le véhicule Audi RS5 Coupé (2019,Aucune écriture en base; photo libre et réservée à cette seule ligne dans la proposition.
PROPOSITION_NON_APPLIQUEE,Coupés / sportives,60204,Audi,RS5 Coupé,RS5 Coupé Export Line 63,2018,65594.jpg,Catégorie forte / modèle à confirmer,Type visuel classé suv) pour le véhicule Audi RS5 Coupé (2018,Aucune écriture en base; photo libre et réservée à cette seule ligne dans la proposition.
PROPOSITION_NON_APPLIQUEE,Coupés / sportives,60224,Audi,RS5 Coupé,RS5 Coupé Export Line 83,2024,65595.jpg,Catégorie forte / modèle à confirmer,Type visuel classé suv) pour le véhicule Audi RS5 Coupé (2024,Aucune écriture en base; photo libre et réservée à cette seule ligne dans la proposition.
PROPOSITION_NON_APPLIQUEE,Coupés / sportives,180001,Audi,RS5 Coupé,RS5 Quattro Tiptronic Sport Edition,2022,65596.jpg,Catégorie forte / modèle à confirmer,Type visuel classé suv) pour le véhicule Audi RS5 Coupé (2022,Aucune écriture en base; photo libre et réservée à cette seule ligne dans la proposition.
PROPOSITION_NON_APPLIQUEE,Coupés / sportives,30009,BMW,M4 Competition,M xDrive Coupe,2023,65597.jpg,Catégorie forte / modèle à confirmer,Type visuel classé suv) pour le véhicule BMW M4 Competition (2023,Aucune écriture en base; photo libre et réservée à cette seule ligne dans la proposition.
PROPOSITION_NON_APPLIQUEE,Coupés / sportives,60013,BMW,M4 Competition,M4 Competition Edition 13,2024,65598.jpg,Catégorie forte / modèle à confirmer,Type visuel classé suv) pour le véhicule BMW M4 Competition (2024,Aucune écriture en base; photo libre et réservée à cette seule ligne dans la proposition.
PROPOSITION_NON_APPLIQUEE,Coupés / sportives,60052,BMW,M4 Competition,M4 Competition Edition 13,2024,65599.jpg,Catégorie forte / modèle à confirmer,Type visuel classé suv) pour le véhicule BMW M4 Competition (2024,Aucune écriture en base; photo libre et réservée à cette seule ligne dans la proposition.
PROPOSITION_NON_APPLIQUEE,Coupés / sportives,60112,BMW,M4 Competition,M4 Competition Edition 73,2021,65600.jpg,Catégorie forte / modèle à confirmer,Type visuel classé suv) pour le véhicule BMW M4 Competition (2021,Aucune écriture en base; photo libre et réservée à cette seule ligne dans la proposition.
PROPOSITION_NON_APPLIQUEE,Coupés / sportives,60154,BMW,M4 Competition,M4 Competition Export Line 13,2024,65601.jpg,Catégorie forte / modèle à confirmer,Type visuel classé suv) pour le véhicule BMW M4 Competition (2024,Aucune écriture en base; photo libre et réservée à cette seule ligne dans la proposition.
PROPOSITION_NON_APPLIQUEE,Coupés / sportives,60174,BMW,M4 Competition,M4 Competition Export Line 33,2023,65602.jpg,Catégorie forte / modèle à confirmer,Type visuel classé suv) pour le véhicule BMW M4 Competition (2023,Aucune écriture en base; photo libre et réservée à cette seule ligne dans la proposition.
PROPOSITION_NON_APPLIQUEE,Coupés / sportives,60194,BMW,M4 Competition,M4 Competition Export Line 53,2022,65603.jpg,Catégorie forte / modèle à confirmer,Type visuel classé suv) pour le véhicule BMW M4 Competition (2022,Aucune écriture en base; photo libre et réservée à cette seule ligne dans la proposition.
PROPOSITION_NON_APPLIQUEE,Coupés / sportives,60214,BMW,M4 Competition,M4 Competition Export Line 73,2021,65604.jpg,Catégorie forte / modèle à confirmer,Type visuel classé suv) pour le véhicule BMW M4 Competition (2021,Aucune écriture en base; photo libre et réservée à cette seule ligne dans la proposition.
PROPOSITION_NON_APPLIQUEE,Coupés / sportives,60234,BMW,M4 Competition,M4 Competition Export Line 93,2020,65605.jpg,Catégorie forte / modèle à confirmer,Type visuel classé suv) pour le véhicule BMW M4 Competition (2020,Aucune écriture en base; photo libre et réservée à cette seule ligne dans la proposition.
PROPOSITION_NON_APPLIQUEE,Coupés / sportives,60092,BMW,M850i,M850i Edition 53,2022,65606.jpg,Catégorie forte / modèle à confirmer,Type visuel classé suv) pour le véhicule BMW M850i (2022,Aucune écriture en base; photo libre et réservée à cette seule ligne dans la proposition.
PROPOSITION_NON_APPLIQUEE,Coupés / sportives,60033,BMW,RS5 Coupé,RS5 Coupé Edition 33,2023,65607.jpg,Catégorie forte / modèle à confirmer,Type visuel classé suv) pour le véhicule BMW RS5 Coupé (2023,Aucune écriture en base; photo libre et réservée à cette seule ligne dans la proposition.
PROPOSITION_NON_APPLIQUEE,Coupés / sportives,60072,BMW,RS5 Coupé,RS5 Coupé Edition 33,2023,65608.jpg,Catégorie forte / modèle à confirmer,Type visuel classé suv) pour le véhicule BMW RS5 Coupé (2023,Aucune écriture en base; photo libre et réservée à cette seule ligne dans la proposition.
PROPOSITION_NON_APPLIQUEE,Coupés / sportives,60132,BMW,RS5 Coupé,RS5 Coupé Edition 93,2020,65609.jpg,Catégorie forte / modèle à confirmer,Type visuel classé suv) pour le véhicule BMW RS5 Coupé (2020,Aucune écriture en base; photo libre et réservée à cette seule ligne dans la proposition.
PROPOSITION_NON_APPLIQUEE,Coupés / sportives,30008,Porsche,911 Carrera S,992 Coupe PDK,2021,65610.jpg,Catégorie forte / modèle à confirmer,Type visuel classé suv) pour le véhicule Porsche 911 Carrera S (2021,Aucune écriture en base; photo libre et réservée à cette seule ligne dans la proposition.
PROPOSITION_NON_APPLIQUEE,Classiques / youngtimers,60167,BMW,2000CS,2000CS Export Line 26,2023,65556.jpg,Catégorie forte / modèle à confirmer,Type visuel classé suv) pour le véhicule BMW 2000CS (2023,Aucune écriture en base; photo libre et réservée à cette seule ligne dans la proposition.
PROPOSITION_NON_APPLIQUEE,Classiques / youngtimers,60227,BMW,2000CS,2000CS Export Line 86,2020,65557.jpg,Catégorie forte / modèle à confirmer,Type visuel classé suv) pour le véhicule BMW 2000CS (2020,Aucune écriture en base; photo libre et réservée à cette seule ligne dans la proposition.
PROPOSITION_NON_APPLIQUEE,Classiques / youngtimers,60147,BMW,300SL Gullwing,300SL Gullwing Export Line 6,2024,65558.jpg,Catégorie forte / modèle à confirmer,Type visuel classé suv) pour le véhicule BMW 300SL Gullwing (2024,Aucune écriture en base; photo libre et réservée à cette seule ligne dans la proposition.
PROPOSITION_NON_APPLIQUEE,Classiques / youngtimers,60207,BMW,300SL Gullwing,300SL Gullwing Export Line 66,2021,65559.jpg,Catégorie forte / modèle à confirmer,Type visuel classé suv) pour le véhicule BMW 300SL Gullwing (2021,Aucune écriture en base; photo libre et réservée à cette seule ligne dans la proposition.
PROPOSITION_NON_APPLIQUEE,Classiques / youngtimers,60006,BMW,911 Turbo 3.3,911 Turbo 3.3 Edition 6,2024,65560.jpg,Catégorie forte / modèle à confirmer,Type visuel classé suv) pour le véhicule BMW 911 Turbo 3.3 (2024,Aucune écriture en base; photo libre et réservée à cette seule ligne dans la proposition.
PROPOSITION_NON_APPLIQUEE,Classiques / youngtimers,60026,BMW,911 Turbo 3.3,911 Turbo 3.3 Edition 26,2023,65561.jpg,Catégorie forte / modèle à confirmer,Type visuel classé suv) pour le véhicule BMW 911 Turbo 3.3 (2023,Aucune écriture en base; photo libre et réservée à cette seule ligne dans la proposition.
PROPOSITION_NON_APPLIQUEE,Classiques / youngtimers,60045,BMW,911 Turbo 3.3,911 Turbo 3.3 Edition 6,2024,65562.jpg,Catégorie forte / modèle à confirmer,Type visuel classé suv) pour le véhicule BMW 911 Turbo 3.3 (2024,Aucune écriture en base; photo libre et réservée à cette seule ligne dans la proposition.
PROPOSITION_NON_APPLIQUEE,Classiques / youngtimers,60065,BMW,911 Turbo 3.3,911 Turbo 3.3 Edition 26,2023,65563.jpg,Catégorie forte / modèle à confirmer,Type visuel classé suv) pour le véhicule BMW 911 Turbo 3.3 (2023,Aucune écriture en base; photo libre et réservée à cette seule ligne dans la proposition.
PROPOSITION_NON_APPLIQUEE,Classiques / youngtimers,60085,BMW,911 Turbo 3.3,911 Turbo 3.3 Edition 46,2022,65564.jpg,Catégorie forte / modèle à confirmer,Type visuel classé suv) pour le véhicule BMW 911 Turbo 3.3 (2022,Aucune écriture en base; photo libre et réservée à cette seule ligne dans la proposition.
PROPOSITION_NON_APPLIQUEE,Classiques / youngtimers,60105,BMW,911 Turbo 3.3,911 Turbo 3.3 Edition 66,2021,65565.jpg,Catégorie forte / modèle à confirmer,Type visuel classé suv) pour le véhicule BMW 911 Turbo 3.3 (2021,Aucune écriture en base; photo libre et réservée à cette seule ligne dans la proposition.
PROPOSITION_NON_APPLIQUEE,Classiques / youngtimers,60125,BMW,911 Turbo 3.3,911 Turbo 3.3 Edition 86,2020,65566.jpg,Catégorie forte / modèle à confirmer,Type visuel classé suv) pour le véhicule BMW 911 Turbo 3.3 (2020,Aucune écriture en base; photo libre et réservée à cette seule ligne dans la proposition.
PROPOSITION_NON_APPLIQUEE,Classiques / youngtimers,60187,BMW,911 Turbo 3.3,911 Turbo 3.3 Export Line 46,2022,65567.jpg,Catégorie forte / modèle à confirmer,Type visuel classé suv) pour le véhicule BMW 911 Turbo 3.3 (2022,Aucune écriture en base; photo libre et réservée à cette seule ligne dans la proposition.
PROPOSITION_NON_APPLIQUEE,Classiques / youngtimers,60197,Mercedes-Benz,2000CS,2000CS Export Line 56,2018,65568.jpg,Catégorie forte / modèle à confirmer,Type visuel classé suv) pour le véhicule Mercedes-Benz 2000CS (2018,Aucune écriture en base; photo libre et réservée à cette seule ligne dans la proposition.
PROPOSITION_NON_APPLIQUEE,Classiques / youngtimers,60177,Mercedes-Benz,300SL Gullwing,300SL Gullwing Export Line 36,2019,65569.jpg,Catégorie forte / modèle à confirmer,Type visuel classé suv) pour le véhicule Mercedes-Benz 300SL Gullwing (2019,Aucune écriture en base; photo libre et réservée à cette seule ligne dans la proposition.
PROPOSITION_NON_APPLIQUEE,Classiques / youngtimers,60016,Mercedes-Benz,911 Turbo 3.3,911 Turbo 3.3 Edition 16,2020,65570.jpg,Catégorie forte / modèle à confirmer,Type visuel classé suv) pour le véhicule Mercedes-Benz 911 Turbo 3.3 (2020,Aucune écriture en base; photo libre et réservée à cette seule ligne dans la proposition.
PROPOSITION_NON_APPLIQUEE,Classiques / youngtimers,60036,Mercedes-Benz,911 Turbo 3.3,911 Turbo 3.3 Edition 36,2019,65571.jpg,Catégorie forte / modèle à confirmer,Type visuel classé suv) pour le véhicule Mercedes-Benz 911 Turbo 3.3 (2019,Aucune écriture en base; photo libre et réservée à cette seule ligne dans la proposition.
PROPOSITION_NON_APPLIQUEE,Classiques / youngtimers,60055,Mercedes-Benz,911 Turbo 3.3,911 Turbo 3.3 Edition 16,2020,65572.jpg,Catégorie forte / modèle à confirmer,Type visuel classé suv) pour le véhicule Mercedes-Benz 911 Turbo 3.3 (2020,Aucune écriture en base; photo libre et réservée à cette seule ligne dans la proposition.
PROPOSITION_NON_APPLIQUEE,Classiques / youngtimers,60075,Mercedes-Benz,911 Turbo 3.3,911 Turbo 3.3 Edition 36,2019,65573.jpg,Catégorie forte / modèle à confirmer,Type visuel classé suv) pour le véhicule Mercedes-Benz 911 Turbo 3.3 (2019,Aucune écriture en base; photo libre et réservée à cette seule ligne dans la proposition.
PROPOSITION_NON_APPLIQUEE,Classiques / youngtimers,60095,Mercedes-Benz,911 Turbo 3.3,911 Turbo 3.3 Edition 56,2018,65574.jpg,Catégorie forte / modèle à confirmer,Type visuel classé suv) pour le véhicule Mercedes-Benz 911 Turbo 3.3 (2018,Aucune écriture en base; photo libre et réservée à cette seule ligne dans la proposition.
PROPOSITION_NON_APPLIQUEE,Classiques / youngtimers,60115,Mercedes-Benz,911 Turbo 3.3,911 Turbo 3.3 Edition 76,2024,65575.jpg,Catégorie forte / modèle à confirmer,Type visuel classé suv) pour le véhicule Mercedes-Benz 911 Turbo 3.3 (2024,Aucune écriture en base; photo libre et réservée à cette seule ligne dans la proposition.
PROPOSITION_NON_APPLIQUEE,Classiques / youngtimers,60135,Mercedes-Benz,911 Turbo 3.3,911 Turbo 3.3 Edition 96,2023,65577.jpg,Catégorie forte / modèle à confirmer,Type visuel classé suv) pour le véhicule Mercedes-Benz 911 Turbo 3.3 (2023,Aucune écriture en base; photo libre et réservée à cette seule ligne dans la proposition.
PROPOSITION_NON_APPLIQUEE,Classiques / youngtimers,60157,Mercedes-Benz,911 Turbo 3.3,911 Turbo 3.3 Export Line 16,2020,65578.jpg,Catégorie forte / modèle à confirmer,Type visuel classé suv) pour le véhicule Mercedes-Benz 911 Turbo 3.3 (2020,Aucune écriture en base; photo libre et réservée à cette seule ligne dans la proposition.
PROPOSITION_NON_APPLIQUEE,Classiques / youngtimers,60217,Mercedes-Benz,911 Turbo 3.3,911 Turbo 3.3 Export Line 76,2024,65579.jpg,Catégorie forte / modèle à confirmer,Type visuel classé suv) pour le véhicule Mercedes-Benz 911 Turbo 3.3 (2024,Aucune écriture en base; photo libre et réservée à cette seule ligne dans la proposition.
PROPOSITION_NON_APPLIQUEE,Classiques / youngtimers,30014,Mercedes-Benz,SL 500,R129 Roadster,1996,65580.jpg,Catégorie forte / modèle à confirmer,Type visuel classé suv) pour le véhicule Mercedes-Benz SL 500 (1996,Aucune écriture en base; photo libre et réservée à cette seule ligne dans la proposition.
SANS_PHOTO_UNIQUE,SUV / crossovers,60032,Audi,GLE 350d,GLE 350d Edition 32,2022,,Aucune,,Aucune photo distincte disponible en quantité suffisante dans les lots fournis pour pourvoir cette annonce de manière unique.
SANS_PHOTO_UNIQUE,SUV / crossovers,60071,Audi,GLE 350d,GLE 350d Edition 32,2022,,Aucune,,Aucune photo distincte disponible en quantité suffisante dans les lots fournis pour pourvoir cette annonce de manière unique.
SANS_PHOTO_UNIQUE,SUV / crossovers,60111,Audi,GLE 350d,GLE 350d Edition 72,2020,,Aucune,,Aucune photo distincte disponible en quantité suffisante dans les lots fournis pour pourvoir cette annonce de manière unique.
SANS_PHOTO_UNIQUE,SUV / crossovers,60153,Audi,GLE 350d,GLE 350d Export Line 12,2023,,Aucune,,Aucune photo distincte disponible en quantité suffisante dans les lots fournis pour pourvoir cette annonce de manière unique.
SANS_PHOTO_UNIQUE,SUV / crossovers,60173,Audi,GLE 350d,GLE 350d Export Line 32,2022,,Aucune,,Aucune photo distincte disponible en quantité suffisante dans les lots fournis pour pourvoir cette annonce de manière unique.
SANS_PHOTO_UNIQUE,SUV / crossovers,60193,Audi,GLE 350d,GLE 350d Export Line 52,2021,,Aucune,,Aucune photo distincte disponible en quantité suffisante dans les lots fournis pour pourvoir cette annonce de manière unique.
SANS_PHOTO_UNIQUE,SUV / crossovers,60213,Audi,GLE 350d,GLE 350d Export Line 72,2020,,Aucune,,Aucune photo distincte disponible en quantité suffisante dans les lots fournis pour pourvoir cette annonce de manière unique.
SANS_PHOTO_UNIQUE,SUV / crossovers,60233,Audi,GLE 350d,GLE 350d Export Line 92,2019,,Aucune,,Aucune photo distincte disponible en quantité suffisante dans les lots fournis pour pourvoir cette annonce de manière unique.
SANS_PHOTO_UNIQUE,SUV / crossovers,30007,Audi,Q7,50 TDI Quattro S line,2021,,Aucune,,Aucune photo distincte disponible en quantité suffisante dans les lots fournis pour pourvoir cette annonce de manière unique.
SANS_PHOTO_UNIQUE,SUV / crossovers,60002,Audi,Q7 50 TDI,Q7 50 TDI Edition 2,2020,,Aucune,,Aucune photo distincte disponible en quantité suffisante dans les lots fournis pour pourvoir cette annonce de manière unique.
SANS_PHOTO_UNIQUE,SUV / crossovers,60041,Audi,Q7 50 TDI,Q7 50 TDI Edition 2,2020,,Aucune,,Aucune photo distincte disponible en quantité suffisante dans les lots fournis pour pourvoir cette annonce de manière unique.
SANS_PHOTO_UNIQUE,SUV / crossovers,60081,Audi,Q7 50 TDI,Q7 50 TDI Edition 42,2018,,Aucune,,Aucune photo distincte disponible en quantité suffisante dans les lots fournis pour pourvoir cette annonce de manière unique.
SANS_PHOTO_UNIQUE,SUV / crossovers,60121,Audi,Q7 50 TDI,Q7 50 TDI Edition 82,2023,,Aucune,,Aucune photo distincte disponible en quantité suffisante dans les lots fournis pour pourvoir cette annonce de manière unique.
SANS_PHOTO_UNIQUE,SUV / crossovers,60143,Audi,Q7 50 TDI,Q7 50 TDI Export Line 2,2020,,Aucune,,Aucune photo distincte disponible en quantité suffisante dans les lots fournis pour pourvoir cette annonce de manière unique.
SANS_PHOTO_UNIQUE,SUV / crossovers,60163,Audi,Q7 50 TDI,Q7 50 TDI Export Line 22,2019,,Aucune,,Aucune photo distincte disponible en quantité suffisante dans les lots fournis pour pourvoir cette annonce de manière unique.
SANS_PHOTO_UNIQUE,SUV / crossovers,60183,Audi,Q7 50 TDI,Q7 50 TDI Export Line 42,2018,,Aucune,,Aucune photo distincte disponible en quantité suffisante dans les lots fournis pour pourvoir cette annonce de manière unique.
SANS_PHOTO_UNIQUE,SUV / crossovers,60203,Audi,Q7 50 TDI,Q7 50 TDI Export Line 62,2024,,Aucune,,Aucune photo distincte disponible en quantité suffisante dans les lots fournis pour pourvoir cette annonce de manière unique.
SANS_PHOTO_UNIQUE,SUV / crossovers,60223,Audi,Q7 50 TDI,Q7 50 TDI Export Line 82,2023,,Aucune,,Aucune photo distincte disponible en quantité suffisante dans les lots fournis pour pourvoir cette annonce de manière unique.
SANS_PHOTO_UNIQUE,SUV / crossovers,60012,Audi,Touareg V6,Touareg V6 Edition 12,2023,,Aucune,,Aucune photo distincte disponible en quantité suffisante dans les lots fournis pour pourvoir cette annonce de manière unique.
SANS_PHOTO_UNIQUE,SUV / crossovers,60051,Audi,Touareg V6,Touareg V6 Edition 12,2023,,Aucune,,Aucune photo distincte disponible en quantité suffisante dans les lots fournis pour pourvoir cette annonce de manière unique.
SANS_PHOTO_UNIQUE,SUV / crossovers,60091,Audi,Touareg V6,Touareg V6 Edition 52,2021,,Aucune,,Aucune photo distincte disponible en quantité suffisante dans les lots fournis pour pourvoir cette annonce de manière unique.
SANS_PHOTO_UNIQUE,SUV / crossovers,60131,Audi,Touareg V6,Touareg V6 Edition 92,2019,,Aucune,,Aucune photo distincte disponible en quantité suffisante dans les lots fournis pour pourvoir cette annonce de manière unique.
SANS_PHOTO_UNIQUE,SUV / crossovers,60022,Audi,X3 xDrive20d,X3 xDrive20d Edition 22,2019,,Aucune,,Aucune photo distincte disponible en quantité suffisante dans les lots fournis pour pourvoir cette annonce de manière unique.
SANS_PHOTO_UNIQUE,SUV / crossovers,60061,Audi,X3 xDrive20d,X3 xDrive20d Edition 22,2019,,Aucune,,Aucune photo distincte disponible en quantité suffisante dans les lots fournis pour pourvoir cette annonce de manière unique.
SANS_PHOTO_UNIQUE,SUV / crossovers,60101,Audi,X3 xDrive20d,X3 xDrive20d Edition 62,2024,,Aucune,,Aucune photo distincte disponible en quantité suffisante dans les lots fournis pour pourvoir cette annonce de manière unique.
SANS_PHOTO_UNIQUE,SUV / crossovers,60141,Audi,X3 xDrive20d,X3 xDrive20d Edition 102,2022,,Aucune,,Aucune photo distincte disponible en quantité suffisante dans les lots fournis pour pourvoir cette annonce de manière unique.
SANS_PHOTO_UNIQUE,SUV / crossovers,30005,BMW,X5,xDrive30d M Sport,2023,,Aucune,,Aucune photo distincte disponible en quantité suffisante dans les lots fournis pour pourvoir cette annonce de manière unique.
SANS_PHOTO_UNIQUE,SUV / crossovers,180010,Kia,Sportage,Sportage GT-Line Hybrid AWD,2025,,Aucune,,Aucune photo distincte disponible en quantité suffisante dans les lots fournis pour pourvoir cette annonce de manière unique.
SANS_PHOTO_UNIQUE,SUV / crossovers,30006,Mercedes-Benz,GLE,350 de 4MATIC Coupé,2022,,Aucune,,Aucune photo distincte disponible en quantité suffisante dans les lots fournis pour pourvoir cette annonce de manière unique.
SANS_PHOTO_UNIQUE,SUV / crossovers,180002,Volkswagen,T-Roc,T-Roc R-Line 2.0 TSI 4Motion,2025,,Aucune,,Aucune photo distincte disponible en quantité suffisante dans les lots fournis pour pourvoir cette annonce de manière unique.
SANS_PHOTO_UNIQUE,SUV / crossovers,180003,Volkswagen,T-Roc,T-Roc Black Edition 1.5 TSI,2024,,Aucune,,Aucune photo distincte disponible en quantité suffisante dans les lots fournis pour pourvoir cette annonce de manière unique.
SANS_PHOTO_UNIQUE,SUV / crossovers,180004,Volkswagen,T-Roc,T-Roc 2.0 TDI 4Motion Sport,2023,,Aucune,,Aucune photo distincte disponible en quantité suffisante dans les lots fournis pour pourvoir cette annonce de manière unique.
SANS_PHOTO_UNIQUE,SUV / crossovers,180005,Volkswagen,T-Roc,T-Roc Style 1.0 TSI,2022,,Aucune,,Aucune photo distincte disponible en quantité suffisante dans les lots fournis pour pourvoir cette annonce de manière unique.
SANS_PHOTO_UNIQUE,SUV / crossovers,180006,Volkswagen,T-Roc,T-Roc R Performance 4Motion,2023,,Aucune,,Aucune photo distincte disponible en quantité suffisante dans les lots fournis pour pourvoir cette annonce de manière unique.
SANS_PHOTO_UNIQUE,SUV / crossovers,180007,Volkswagen,T-Roc,T-Roc Style 1.5 TSI,2023,,Aucune,,Aucune photo distincte disponible en quantité suffisante dans les lots fournis pour pourvoir cette annonce de manière unique.
SANS_PHOTO_UNIQUE,SUV / crossovers,180008,Volkswagen,T-Roc,T-Roc R-Line 2.0 TSI,2021,,Aucune,,Aucune photo distincte disponible en quantité suffisante dans les lots fournis pour pourvoir cette annonce de manière unique.
SANS_PHOTO_UNIQUE,SUV / crossovers,120001,Volkswagen,Tiguan,2.0 TSI R-Line Black Style DSG,2023,,Aucune,,Aucune photo distincte disponible en quantité suffisante dans les lots fournis pour pourvoir cette annonce de manière unique.
SANS_PHOTO_UNIQUE,SUV / crossovers,120002,Volkswagen,Tiguan,2.0 TDI Elegance 4Motion DSG,2022,,Aucune,,Aucune photo distincte disponible en quantité suffisante dans les lots fournis pour pourvoir cette annonce de manière unique.
SANS_PHOTO_UNIQUE,SUV / crossovers,120003,Volkswagen,Tiguan,2.0 TDI R-Line DSG IQ.Light,2024,,Aucune,,Aucune photo distincte disponible en quantité suffisante dans les lots fournis pour pourvoir cette annonce de manière unique.
SANS_PHOTO_UNIQUE,SUV / crossovers,120004,Volkswagen,Tiguan,2.0 TSI R-Line Edition DSG,2023,,Aucune,,Aucune photo distincte disponible en quantité suffisante dans les lots fournis pour pourvoir cette annonce de manière unique.
SANS_PHOTO_UNIQUE,Fourgonnettes / utilitaires,60155,MAN,TGE 3.140,TGE 3.140 Export Line 14,2018,,Aucune,,Aucune photo distincte disponible en quantité suffisante dans les lots fournis pour pourvoir cette annonce de manière unique.
SANS_PHOTO_UNIQUE,Fourgonnettes / utilitaires,60185,MAN,TGE 3.140,TGE 3.140 Export Line 44,2020,,Aucune,,Aucune photo distincte disponible en quantité suffisante dans les lots fournis pour pourvoir cette annonce de manière unique.
SANS_PHOTO_UNIQUE,Fourgonnettes / utilitaires,60215,MAN,TGE 3.140,TGE 3.140 Export Line 74,2022,,Aucune,,Aucune photo distincte disponible en quantité suffisante dans les lots fournis pour pourvoir cette annonce de manière unique.
SANS_PHOTO_UNIQUE,Fourgonnettes / utilitaires,60014,MAN,Transporter T6.1,Transporter T6.1 Edition 14,2018,,Aucune,,Aucune photo distincte disponible en quantité suffisante dans les lots fournis pour pourvoir cette annonce de manière unique.
SANS_PHOTO_UNIQUE,Fourgonnettes / utilitaires,60053,MAN,Transporter T6.1,Transporter T6.1 Edition 14,2018,,Aucune,,Aucune photo distincte disponible en quantité suffisante dans les lots fournis pour pourvoir cette annonce de manière unique.
SANS_PHOTO_UNIQUE,Fourgonnettes / utilitaires,60083,MAN,Transporter T6.1,Transporter T6.1 Edition 44,2020,,Aucune,,Aucune photo distincte disponible en quantité suffisante dans les lots fournis pour pourvoir cette annonce de manière unique.
SANS_PHOTO_UNIQUE,Fourgonnettes / utilitaires,60113,MAN,Transporter T6.1,Transporter T6.1 Edition 74,2022,,Aucune,,Aucune photo distincte disponible en quantité suffisante dans les lots fournis pour pourvoir cette annonce de manière unique.
SANS_PHOTO_UNIQUE,Fourgonnettes / utilitaires,60165,Mercedes-Benz,Sprinter 316 CDI,Sprinter 316 CDI Export Line 24,2021,,Aucune,,Aucune photo distincte disponible en quantité suffisante dans les lots fournis pour pourvoir cette annonce de manière unique.
SANS_PHOTO_UNIQUE,Fourgonnettes / utilitaires,60195,Mercedes-Benz,Sprinter 316 CDI,Sprinter 316 CDI Export Line 54,2023,,Aucune,,Aucune photo distincte disponible en quantité suffisante dans les lots fournis pour pourvoir cette annonce de manière unique.
SANS_PHOTO_UNIQUE,Fourgonnettes / utilitaires,60225,Mercedes-Benz,Sprinter 316 CDI,Sprinter 316 CDI Export Line 84,2018,,Aucune,,Aucune photo distincte disponible en quantité suffisante dans les lots fournis pour pourvoir cette annonce de manière unique.
SANS_PHOTO_UNIQUE,Fourgonnettes / utilitaires,30011,Mercedes-Benz,Sprinter 319,CDI L3H2 Panel Van,2022,,Aucune,,Aucune photo distincte disponible en quantité suffisante dans les lots fournis pour pourvoir cette annonce de manière unique.
SANS_PHOTO_UNIQUE,Fourgonnettes / utilitaires,60024,Mercedes-Benz,Transporter T6.1,Transporter T6.1 Edition 24,2021,,Aucune,,Aucune photo distincte disponible en quantité suffisante dans les lots fournis pour pourvoir cette annonce de manière unique.
SANS_PHOTO_UNIQUE,Fourgonnettes / utilitaires,60063,Mercedes-Benz,Transporter T6.1,Transporter T6.1 Edition 24,2021,,Aucune,,Aucune photo distincte disponible en quantité suffisante dans les lots fournis pour pourvoir cette annonce de manière unique.
SANS_PHOTO_UNIQUE,Fourgonnettes / utilitaires,60093,Mercedes-Benz,Transporter T6.1,Transporter T6.1 Edition 54,2023,,Aucune,,Aucune photo distincte disponible en quantité suffisante dans les lots fournis pour pourvoir cette annonce de manière unique.
SANS_PHOTO_UNIQUE,Fourgonnettes / utilitaires,60123,Mercedes-Benz,Transporter T6.1,Transporter T6.1 Edition 84,2018,,Aucune,,Aucune photo distincte disponible en quantité suffisante dans les lots fournis pour pourvoir cette annonce de manière unique.
SANS_PHOTO_UNIQUE,Fourgonnettes / utilitaires,60145,Volkswagen,Crafter 35,Crafter 35 Export Line 4,2022,,Aucune,,Aucune photo distincte disponible en quantité suffisante dans les lots fournis pour pourvoir cette annonce de manière unique.
SANS_PHOTO_UNIQUE,Fourgonnettes / utilitaires,60175,Volkswagen,Crafter 35,Crafter 35 Export Line 34,2024,,Aucune,,Aucune photo distincte disponible en quantité suffisante dans les lots fournis pour pourvoir cette annonce de manière unique.
SANS_PHOTO_UNIQUE,Fourgonnettes / utilitaires,60205,Volkswagen,Crafter 35,Crafter 35 Export Line 64,2019,,Aucune,,Aucune photo distincte disponible en quantité suffisante dans les lots fournis pour pourvoir cette annonce de manière unique.
SANS_PHOTO_UNIQUE,Fourgonnettes / utilitaires,60235,Volkswagen,Crafter 35,Crafter 35 Export Line 94,2021,,Aucune,,Aucune photo distincte disponible en quantité suffisante dans les lots fournis pour pourvoir cette annonce de manière unique.
SANS_PHOTO_UNIQUE,Fourgonnettes / utilitaires,30010,Volkswagen,Transporter T6.1,2.0 TDI Panel Van,2021,,Aucune,,Aucune photo distincte disponible en quantité suffisante dans les lots fournis pour pourvoir cette annonce de manière unique.
SANS_PHOTO_UNIQUE,Fourgonnettes / utilitaires,60004,Volkswagen,Transporter T6.1,Transporter T6.1 Edition 4,2022,,Aucune,,Aucune photo distincte disponible en quantité suffisante dans les lots fournis pour pourvoir cette annonce de manière unique.
SANS_PHOTO_UNIQUE,Fourgonnettes / utilitaires,60034,Volkswagen,Transporter T6.1,Transporter T6.1 Edition 34,2024,,Aucune,,Aucune photo distincte disponible en quantité suffisante dans les lots fournis pour pourvoir cette annonce de manière unique.
SANS_PHOTO_UNIQUE,Fourgonnettes / utilitaires,60043,Volkswagen,Transporter T6.1,Transporter T6.1 Edition 4,2022,,Aucune,,Aucune photo distincte disponible en quantité suffisante dans les lots fournis pour pourvoir cette annonce de manière unique.
SANS_PHOTO_UNIQUE,Fourgonnettes / utilitaires,60073,Volkswagen,Transporter T6.1,Transporter T6.1 Edition 34,2024,,Aucune,,Aucune photo distincte disponible en quantité suffisante dans les lots fournis pour pourvoir cette annonce de manière unique.
SANS_PHOTO_UNIQUE,Fourgonnettes / utilitaires,60103,Volkswagen,Transporter T6.1,Transporter T6.1 Edition 64,2019,,Aucune,,Aucune photo distincte disponible en quantité suffisante dans les lots fournis pour pourvoir cette annonce de manière unique.
SANS_PHOTO_UNIQUE,Fourgonnettes / utilitaires,60133,Volkswagen,Transporter T6.1,Transporter T6.1 Edition 94,2021,,Aucune,,Aucune photo distincte disponible en quantité suffisante dans les lots fournis pour pourvoir cette annonce de manière unique.
SANS_PHOTO_UNIQUE,Camions / poids lourds,60198,MAN,Actros 1845 LS,Actros 1845 LS Export Line 57,2019,,Aucune,,Aucune photo distincte disponible en quantité suffisante dans les lots fournis pour pourvoir cette annonce de manière unique.
SANS_PHOTO_UNIQUE,Camions / poids lourds,60158,MAN,Arocs 3342,Arocs 3342 Export Line 17,2021,,Aucune,,Aucune photo distincte disponible en quantité suffisante dans les lots fournis pour pourvoir cette annonce de manière unique.
SANS_PHOTO_UNIQUE,Camions / poids lourds,60218,MAN,Arocs 3342,Arocs 3342 Export Line 77,2018,,Aucune,,Aucune photo distincte disponible en quantité suffisante dans les lots fournis pour pourvoir cette annonce de manière unique.
SANS_PHOTO_UNIQUE,Camions / poids lourds,30016,MAN,TGM 18.290,Curtainsider 4x2,2021,,Aucune,,Aucune photo distincte disponible en quantité suffisante dans les lots fournis pour pourvoir cette annonce de manière unique.
SANS_PHOTO_UNIQUE,Camions / poids lourds,60017,MAN,TGX 18.510,TGX 18.510 Edition 17,2021,,Aucune,,Aucune photo distincte disponible en quantité suffisante dans les lots fournis pour pourvoir cette annonce de manière unique.
SANS_PHOTO_UNIQUE,Camions / poids lourds,60037,MAN,TGX 18.510,TGX 18.510 Edition 37,2020,,Aucune,,Aucune photo distincte disponible en quantité suffisante dans les lots fournis pour pourvoir cette annonce de manière unique.
SANS_PHOTO_UNIQUE,Camions / poids lourds,60056,MAN,TGX 18.510,TGX 18.510 Edition 17,2021,,Aucune,,Aucune photo distincte disponible en quantité suffisante dans les lots fournis pour pourvoir cette annonce de manière unique.
SANS_PHOTO_UNIQUE,Camions / poids lourds,60076,MAN,TGX 18.510,TGX 18.510 Edition 37,2020,,Aucune,,Aucune photo distincte disponible en quantité suffisante dans les lots fournis pour pourvoir cette annonce de manière unique.
SANS_PHOTO_UNIQUE,Camions / poids lourds,60096,MAN,TGX 18.510,TGX 18.510 Edition 57,2019,,Aucune,,Aucune photo distincte disponible en quantité suffisante dans les lots fournis pour pourvoir cette annonce de manière unique.
SANS_PHOTO_UNIQUE,Camions / poids lourds,60116,MAN,TGX 18.510,TGX 18.510 Edition 77,2018,,Aucune,,Aucune photo distincte disponible en quantité suffisante dans les lots fournis pour pourvoir cette annonce de manière unique.
SANS_PHOTO_UNIQUE,Camions / poids lourds,60136,MAN,TGX 18.510,TGX 18.510 Edition 97,2024,,Aucune,,Aucune photo distincte disponible en quantité suffisante dans les lots fournis pour pourvoir cette annonce de manière unique.
SANS_PHOTO_UNIQUE,Camions / poids lourds,60178,MAN,TGX 18.510,TGX 18.510 Export Line 37,2020,,Aucune,,Aucune photo distincte disponible en quantité suffisante dans les lots fournis pour pourvoir cette annonce de manière unique.
SANS_PHOTO_UNIQUE,Camions / poids lourds,240024,Mercedes-Benz,Actros 1853 L,À confirmer,2023,,Aucune,,Aucune photo distincte disponible en quantité suffisante dans les lots fournis pour pourvoir cette annonce de manière unique.
SANS_PHOTO_UNIQUE,Camions / poids lourds,30015,Mercedes-Benz,Atego 1224,Box Truck + Tail Lift,2020,,Aucune,,Aucune photo distincte disponible en quantité suffisante dans les lots fournis pour pourvoir cette annonce de manière unique.
SANS_PHOTO_UNIQUE,Camions / poids lourds,240025,Renault,T High Turbo Compound,À confirmer,2023,,Aucune,,Aucune photo distincte disponible en quantité suffisante dans les lots fournis pour pourvoir cette annonce de manière unique.
SANS_PHOTO_UNIQUE,Camions / poids lourds,240027,Renault,T480 Sleeper,À confirmer,2023,,Aucune,,Aucune photo distincte disponible en quantité suffisante dans les lots fournis pour pourvoir cette annonce de manière unique.
SANS_PHOTO_UNIQUE,Camions / poids lourds,240023,Scania,R770 V8,À confirmer,2023,,Aucune,,Aucune photo distincte disponible en quantité suffisante dans les lots fournis pour pourvoir cette annonce de manière unique.
SANS_PHOTO_UNIQUE,Camions / poids lourds,240022,Scania,S660 Highline,À confirmer,2023,,Aucune,,Aucune photo distincte disponible en quantité suffisante dans les lots fournis pour pourvoir cette annonce de manière unique.
SANS_PHOTO_UNIQUE,Camions / poids lourds,60168,Volvo,Actros 1845 LS,Actros 1845 LS Export Line 27,2024,,Aucune,,Aucune photo distincte disponible en quantité suffisante dans les lots fournis pour pourvoir cette annonce de manière unique.
SANS_PHOTO_UNIQUE,Camions / poids lourds,60228,Volvo,Actros 1845 LS,Actros 1845 LS Export Line 87,2021,,Aucune,,Aucune photo distincte disponible en quantité suffisante dans les lots fournis pour pourvoir cette annonce de manière unique.
SANS_PHOTO_UNIQUE,Camions / poids lourds,60007,Volvo,Antos 1832,Antos 1832 Edition 7,2018,,Aucune,,Aucune photo distincte disponible en quantité suffisante dans les lots fournis pour pourvoir cette annonce de manière unique.
SANS_PHOTO_UNIQUE,Camions / poids lourds,60027,Volvo,Antos 1832,Antos 1832 Edition 27,2024,,Aucune,,Aucune photo distincte disponible en quantité suffisante dans les lots fournis pour pourvoir cette annonce de manière unique.
SANS_PHOTO_UNIQUE,Camions / poids lourds,60046,Volvo,Antos 1832,Antos 1832 Edition 7,2018,,Aucune,,Aucune photo distincte disponible en quantité suffisante dans les lots fournis pour pourvoir cette annonce de manière unique.
SANS_PHOTO_UNIQUE,Camions / poids lourds,60066,Volvo,Antos 1832,Antos 1832 Edition 27,2024,,Aucune,,Aucune photo distincte disponible en quantité suffisante dans les lots fournis pour pourvoir cette annonce de manière unique.
SANS_PHOTO_UNIQUE,Camions / poids lourds,60086,Volvo,Antos 1832,Antos 1832 Edition 47,2023,,Aucune,,Aucune photo distincte disponible en quantité suffisante dans les lots fournis pour pourvoir cette annonce de manière unique.
SANS_PHOTO_UNIQUE,Camions / poids lourds,60106,Volvo,Antos 1832,Antos 1832 Edition 67,2022,,Aucune,,Aucune photo distincte disponible en quantité suffisante dans les lots fournis pour pourvoir cette annonce de manière unique.
SANS_PHOTO_UNIQUE,Camions / poids lourds,60126,Volvo,Antos 1832,Antos 1832 Edition 87,2021,,Aucune,,Aucune photo distincte disponible en quantité suffisante dans les lots fournis pour pourvoir cette annonce de manière unique.
SANS_PHOTO_UNIQUE,Camions / poids lourds,60188,Volvo,Arocs 3342,Arocs 3342 Export Line 47,2023,,Aucune,,Aucune photo distincte disponible en quantité suffisante dans les lots fournis pour pourvoir cette annonce de manière unique.
SANS_PHOTO_UNIQUE,Camions / poids lourds,240026,Volvo,FH Globetrotter,À confirmer,2023,,Aucune,,Aucune photo distincte disponible en quantité suffisante dans les lots fournis pour pourvoir cette annonce de manière unique.
SANS_PHOTO_UNIQUE,Camions / poids lourds,240020,Volvo,FH16 750,À confirmer,2023,,Aucune,,Aucune photo distincte disponible en quantité suffisante dans les lots fournis pour pourvoir cette annonce de manière unique.
SANS_PHOTO_UNIQUE,Camions / poids lourds,240028,Volvo,FH16 Aero,À confirmer,2023,,Aucune,,Aucune photo distincte disponible en quantité suffisante dans les lots fournis pour pourvoir cette annonce de manière unique.
SANS_PHOTO_UNIQUE,Camions / poids lourds,240021,Volvo,FMX 540 Dumper,À confirmer,2023,,Aucune,,Aucune photo distincte disponible en quantité suffisante dans les lots fournis pour pourvoir cette annonce de manière unique.
SANS_PHOTO_UNIQUE,Camions / poids lourds,60148,Volvo,TGX 18.510,TGX 18.510 Export Line 7,2018,,Aucune,,Aucune photo distincte disponible en quantité suffisante dans les lots fournis pour pourvoir cette annonce de manière unique.
SANS_PHOTO_UNIQUE,Camions / poids lourds,60208,Volvo,TGX 18.510,TGX 18.510 Export Line 67,2022,,Aucune,,Aucune photo distincte disponible en quantité suffisante dans les lots fournis pour pourvoir cette annonce de manière unique.
SANS_PHOTO_UNIQUE,Minibus,60029,Ford,Crafter Transfer,Crafter Transfer Edition 29,2019,,Aucune,,Aucune photo distincte disponible en quantité suffisante dans les lots fournis pour pourvoir cette annonce de manière unique.
SANS_PHOTO_UNIQUE,Minibus,60068,Ford,Crafter Transfer,Crafter Transfer Edition 29,2019,,Aucune,,Aucune photo distincte disponible en quantité suffisante dans les lots fournis pour pourvoir cette annonce de manière unique.
SANS_PHOTO_UNIQUE,Minibus,60128,Ford,Crafter Transfer,Crafter Transfer Edition 89,2023,,Aucune,,Aucune photo distincte disponible en quantité suffisante dans les lots fournis pour pourvoir cette annonce de manière unique.
SANS_PHOTO_UNIQUE,Minibus,60170,Ford,Crafter Transfer,Crafter Transfer Export Line 29,2019,,Aucune,,Aucune photo distincte disponible en quantité suffisante dans les lots fournis pour pourvoir cette annonce de manière unique.
SANS_PHOTO_UNIQUE,Minibus,60200,Ford,Crafter Transfer,Crafter Transfer Export Line 59,2021,,Aucune,,Aucune photo distincte disponible en quantité suffisante dans les lots fournis pour pourvoir cette annonce de manière unique.
SANS_PHOTO_UNIQUE,Minibus,60230,Ford,Crafter Transfer,Crafter Transfer Export Line 89,2023,,Aucune,,Aucune photo distincte disponible en quantité suffisante dans les lots fournis pour pourvoir cette annonce de manière unique.
SANS_PHOTO_UNIQUE,Minibus,60098,Ford,V-Class VIP,V-Class VIP Edition 59,2021,,Aucune,,Aucune photo distincte disponible en quantité suffisante dans les lots fournis pour pourvoir cette annonce de manière unique.
SANS_PHOTO_UNIQUE,Minibus,60009,Mercedes-Benz,Crafter Transfer,Crafter Transfer Edition 9,2020,,Aucune,,Aucune photo distincte disponible en quantité suffisante dans les lots fournis pour pourvoir cette annonce de manière unique.
SANS_PHOTO_UNIQUE,Minibus,60048,Mercedes-Benz,Crafter Transfer,Crafter Transfer Edition 9,2020,,Aucune,,Aucune photo distincte disponible en quantité suffisante dans les lots fournis pour pourvoir cette annonce de manière unique.
SANS_PHOTO_UNIQUE,Minibus,60108,Mercedes-Benz,Crafter Transfer,Crafter Transfer Edition 69,2024,,Aucune,,Aucune photo distincte disponible en quantité suffisante dans les lots fournis pour pourvoir cette annonce de manière unique.
SANS_PHOTO_UNIQUE,Minibus,60150,Mercedes-Benz,Crafter Transfer,Crafter Transfer Export Line 9,2020,,Aucune,,Aucune photo distincte disponible en quantité suffisante dans les lots fournis pour pourvoir cette annonce de manière unique.
SANS_PHOTO_UNIQUE,Minibus,60180,Mercedes-Benz,Crafter Transfer,Crafter Transfer Export Line 39,2022,,Aucune,,Aucune photo distincte disponible en quantité suffisante dans les lots fournis pour pourvoir cette annonce de manière unique.
SANS_PHOTO_UNIQUE,Minibus,60210,Mercedes-Benz,Crafter Transfer,Crafter Transfer Export Line 69,2024,,Aucune,,Aucune photo distincte disponible en quantité suffisante dans les lots fournis pour pourvoir cette annonce de manière unique.
SANS_PHOTO_UNIQUE,Minibus,30019,Mercedes-Benz,Sprinter Transfer 45,Minibus 22+1 places,2022,,Aucune,,Aucune photo distincte disponible en quantité suffisante dans les lots fournis pour pourvoir cette annonce de manière unique.
SANS_PHOTO_UNIQUE,Minibus,60039,Mercedes-Benz,V-Class VIP,V-Class VIP Edition 39,2022,,Aucune,,Aucune photo distincte disponible en quantité suffisante dans les lots fournis pour pourvoir cette annonce de manière unique.
SANS_PHOTO_UNIQUE,Minibus,60078,Mercedes-Benz,V-Class VIP,V-Class VIP Edition 39,2022,,Aucune,,Aucune photo distincte disponible en quantité suffisante dans les lots fournis pour pourvoir cette annonce de manière unique.
SANS_PHOTO_UNIQUE,Minibus,60138,Mercedes-Benz,V-Class VIP,V-Class VIP Edition 99,2019,,Aucune,,Aucune photo distincte disponible en quantité suffisante dans les lots fournis pour pourvoir cette annonce de manière unique.
SANS_PHOTO_UNIQUE,Minibus,30020,Volkswagen,Crafter Minibus,Spaceliner VIP 16+1,2024,,Aucune,,Aucune photo distincte disponible en quantité suffisante dans les lots fournis pour pourvoir cette annonce de manière unique.
SANS_PHOTO_UNIQUE,Minibus,60088,Volkswagen,Crafter Transfer,Crafter Transfer Edition 49,2018,,Aucune,,Aucune photo distincte disponible en quantité suffisante dans les lots fournis pour pourvoir cette annonce de manière unique.
SANS_PHOTO_UNIQUE,Minibus,60160,Volkswagen,Crafter Transfer,Crafter Transfer Export Line 19,2023,,Aucune,,Aucune photo distincte disponible en quantité suffisante dans les lots fournis pour pourvoir cette annonce de manière unique.
SANS_PHOTO_UNIQUE,Minibus,60190,Volkswagen,Crafter Transfer,Crafter Transfer Export Line 49,2018,,Aucune,,Aucune photo distincte disponible en quantité suffisante dans les lots fournis pour pourvoir cette annonce de manière unique.
SANS_PHOTO_UNIQUE,Minibus,60220,Volkswagen,Crafter Transfer,Crafter Transfer Export Line 79,2020,,Aucune,,Aucune photo distincte disponible en quantité suffisante dans les lots fournis pour pourvoir cette annonce de manière unique.
SANS_PHOTO_UNIQUE,Minibus,60019,Volkswagen,V-Class VIP,V-Class VIP Edition 19,2023,,Aucune,,Aucune photo distincte disponible en quantité suffisante dans les lots fournis pour pourvoir cette annonce de manière unique.
SANS_PHOTO_UNIQUE,Minibus,60058,Volkswagen,V-Class VIP,V-Class VIP Edition 19,2023,,Aucune,,Aucune photo distincte disponible en quantité suffisante dans les lots fournis pour pourvoir cette annonce de manière unique.
SANS_PHOTO_UNIQUE,Minibus,60118,Volkswagen,V-Class VIP,V-Class VIP Edition 79,2020,,Aucune,,Aucune photo distincte disponible en quantité suffisante dans les lots fournis pour pourvoir cette annonce de manière unique.
SANS_PHOTO_UNIQUE,Électriques / hybrides,60216,Audi,Taycan 4S,Taycan 4S Export Line 75,2023,,Aucune,,Aucune photo distincte disponible en quantité suffisante dans les lots fournis pour pourvoir cette annonce de manière unique.
SANS_PHOTO_UNIQUE,Électriques / hybrides,60236,Audi,Taycan 4S,Taycan 4S Export Line 95,2022,,Aucune,,Aucune photo distincte disponible en quantité suffisante dans les lots fournis pour pourvoir cette annonce de manière unique.
SANS_PHOTO_UNIQUE,Électriques / hybrides,60025,Audi,i4 M50,i4 M50 Edition 25,2022,,Aucune,,Aucune photo distincte disponible en quantité suffisante dans les lots fournis pour pourvoir cette annonce de manière unique.
SANS_PHOTO_UNIQUE,Électriques / hybrides,60064,Audi,i4 M50,i4 M50 Edition 25,2022,,Aucune,,Aucune photo distincte disponible en quantité suffisante dans les lots fournis pour pourvoir cette annonce de manière unique.
SANS_PHOTO_UNIQUE,Électriques / hybrides,60094,Audi,i4 M50,i4 M50 Edition 55,2024,,Aucune,,Aucune photo distincte disponible en quantité suffisante dans les lots fournis pour pourvoir cette annonce de manière unique.
SANS_PHOTO_UNIQUE,Électriques / hybrides,60124,Audi,i4 M50,i4 M50 Edition 85,2019,,Aucune,,Aucune photo distincte disponible en quantité suffisante dans les lots fournis pour pourvoir cette annonce de manière unique.
SANS_PHOTO_UNIQUE,Électriques / hybrides,60146,Audi,i4 M50,i4 M50 Export Line 5,2023,,Aucune,,Aucune photo distincte disponible en quantité suffisante dans les lots fournis pour pourvoir cette annonce de manière unique.
SANS_PHOTO_UNIQUE,Électriques / hybrides,60166,Audi,i4 M50,i4 M50 Export Line 25,2022,,Aucune,,Aucune photo distincte disponible en quantité suffisante dans les lots fournis pour pourvoir cette annonce de manière unique.
SANS_PHOTO_UNIQUE,Électriques / hybrides,60186,Audi,i4 M50,i4 M50 Export Line 45,2021,,Aucune,,Aucune photo distincte disponible en quantité suffisante dans les lots fournis pour pourvoir cette annonce de manière unique.
SANS_PHOTO_UNIQUE,Électriques / hybrides,60206,Audi,i4 M50,i4 M50 Export Line 65,2020,,Aucune,,Aucune photo distincte disponible en quantité suffisante dans les lots fournis pour pourvoir cette annonce de manière unique.
SANS_PHOTO_UNIQUE,Électriques / hybrides,60226,Audi,i4 M50,i4 M50 Export Line 85,2019,,Aucune,,Aucune photo distincte disponible en quantité suffisante dans les lots fournis pour pourvoir cette annonce de manière unique.
SANS_PHOTO_UNIQUE,Électriques / hybrides,60005,Audi,iX xDrive40,iX xDrive40 Edition 5,2023,,Aucune,,Aucune photo distincte disponible en quantité suffisante dans les lots fournis pour pourvoir cette annonce de manière unique.
SANS_PHOTO_UNIQUE,Électriques / hybrides,60035,Audi,iX xDrive40,iX xDrive40 Edition 35,2018,,Aucune,,Aucune photo distincte disponible en quantité suffisante dans les lots fournis pour pourvoir cette annonce de manière unique.
SANS_PHOTO_UNIQUE,Électriques / hybrides,60044,Audi,iX xDrive40,iX xDrive40 Edition 5,2023,,Aucune,,Aucune photo distincte disponible en quantité suffisante dans les lots fournis pour pourvoir cette annonce de manière unique.
SANS_PHOTO_UNIQUE,Électriques / hybrides,60074,Audi,iX xDrive40,iX xDrive40 Edition 35,2018,,Aucune,,Aucune photo distincte disponible en quantité suffisante dans les lots fournis pour pourvoir cette annonce de manière unique.
SANS_PHOTO_UNIQUE,Électriques / hybrides,60104,Audi,iX xDrive40,iX xDrive40 Edition 65,2020,,Aucune,,Aucune photo distincte disponible en quantité suffisante dans les lots fournis pour pourvoir cette annonce de manière unique.
SANS_PHOTO_UNIQUE,Électriques / hybrides,60134,Audi,iX xDrive40,iX xDrive40 Edition 95,2022,,Aucune,,Aucune photo distincte disponible en quantité suffisante dans les lots fournis pour pourvoir cette annonce de manière unique.
SANS_PHOTO_UNIQUE,Électriques / hybrides,30013,Volkswagen,ID.4,Pro Performance,2023,,Aucune,,Aucune photo distincte disponible en quantité suffisante dans les lots fournis pour pourvoir cette annonce de manière unique.
SANS_PHOTO_UNIQUE,Électriques / hybrides,180009,Volkswagen,ID.4,ID.4 Pro Performance Tech,2023,,Aucune,,Aucune photo distincte disponible en quantité suffisante dans les lots fournis pour pourvoir cette annonce de manière unique.
